Token Name,Route Number,Cycle Number,Cycle Length,Cycle Repeat,TimeStamp,From,To,Value,TokenID,Market Place
Animal Society,1,1,2,1,2021-10-25 23:39:53,0xf98ca8b59a70617c8ff783c5c557b98aee450d5e,0x0d9f5045b604ba0c050b5eb06d0b25d01c525ea5,0.0,4941,None
Animal Society,1,1,2,1,2021-10-20 21:59:25,0x0d9f5045b604ba0c050b5eb06d0b25d01c525ea5,0xf98ca8b59a70617c8ff783c5c557b98aee450d5e,0.0,4941,None
Animal Society,1,2,2,1,2021-10-29 7:49:34,0x846288c4f9fe8aef9ac643863ebc3bc250ea88e8,0xaf4a5dabb5d922b4cdaa5fdf2eddabade6895f85,0.0,2129,None
Animal Society,1,2,2,1,2021-10-29 7:44:58,0xaf4a5dabb5d922b4cdaa5fdf2eddabade6895f85,0x846288c4f9fe8aef9ac643863ebc3bc250ea88e8,0.0,5730,None
Animal Society,1,3,2,1,2021-10-21 13:14:54,0x9156f20136360aabc3f940af745aa989c0761017,0x9364b1e33be054cae248acf756f87adf5c171ed2,0.0,5829,None
Animal Society,1,3,2,1,2021-10-22 4:13:50,0x9364b1e33be054cae248acf756f87adf5c171ed2,0x9156f20136360aabc3f940af745aa989c0761017,0.0,7161,None
Animal Society,1,4,1,1,2021-10-20 14:14:06,0x0df5ed4fba434cbb8f7931cbc07b41e6642b6aed,0x0df5ed4fba434cbb8f7931cbc07b41e6642b6aed,0.0,59,None
Animal Society,1,5,4,1,2021-10-20 23:14:07,0x16701ac62027712492a5892e04bcdd5d381e43e0,0x975465fc554cfb7631bdc728d9b18abb0da71995,0.0,5188,None
Animal Society,1,5,4,1,2021-10-20 22:58:54,0x3d27e3d4d342f702537db4da5e7e92abe5da7fb1,0x16701ac62027712492a5892e04bcdd5d381e43e0,0.0,5188,None
Animal Society,1,5,4,1,2021-10-20 22:48:46,0x68f2f7e21af5c1ddb6c882e5e8ed0efa94c42e4f,0x3d27e3d4d342f702537db4da5e7e92abe5da7fb1,0.0,5188,None
Animal Society,1,5,4,1,2021-10-20 22:24:31,0x975465fc554cfb7631bdc728d9b18abb0da71995,0x68f2f7e21af5c1ddb6c882e5e8ed0efa94c42e4f,0.0,5188,None
Animal Society,1,6,3,1,2021-10-26 5:43:31,0xa9883cd7ddd66376547af299c512c551a3a0a27e,0xaf4a5dabb5d922b4cdaa5fdf2eddabade6895f85,0.45,7638,Opensea
Animal Society,1,6,3,1,2021-10-25 13:32:21,0x10ea2cf8c140d1688ad8ef3fec4f5d36cbca84c3,0xa9883cd7ddd66376547af299c512c551a3a0a27e,0.3,7638,Opensea
Animal Society,1,6,3,1,2021-10-26 8:19:20,0xaf4a5dabb5d922b4cdaa5fdf2eddabade6895f85,0x10ea2cf8c140d1688ad8ef3fec4f5d36cbca84c3,0.0,7638,None
Animal Society,1,7,2,1,2021-10-26 4:33:10,0x41abe88a13eabb7de73f42692d794123348609bc,0xaf4a5dabb5d922b4cdaa5fdf2eddabade6895f85,0.0,7769,None
Animal Society,1,7,2,2,2021-10-27 20:17:47,0xaf4a5dabb5d922b4cdaa5fdf2eddabade6895f85,0x41abe88a13eabb7de73f42692d794123348609bc,0.0,7770,None
Animal Society,1,7,2,2,2021-10-26 4:35:48,0xaf4a5dabb5d922b4cdaa5fdf2eddabade6895f85,0x41abe88a13eabb7de73f42692d794123348609bc,0.0,4011,None
Animal Society,1,8,2,1,2021-10-23 16:54:03,0xb00d51d3992bc412f783d0e21edcf952ce651d91,suzumiya.eth,0.0,4010,None
Animal Society,1,8,2,1,2021-10-23 14:05:32,suzumiya.eth,0xb00d51d3992bc412f783d0e21edcf952ce651d91,0.0,4010,None
Animal Society,1,9,2,1,2021-10-29 7:16:33,0x972bf0acdfd4d4dd9d1fa615e19f03fabf669982,0x0f34e9ec6971ebb89ebab75e9fd194ac6295a194,0.0,5021,None
Animal Society,1,9,2,1,2021-10-21 17:33:46,0x0f34e9ec6971ebb89ebab75e9fd194ac6295a194,0x972bf0acdfd4d4dd9d1fa615e19f03fabf669982,0.0,5021,None
Animal Society,1,10,2,1,2021-10-22 0:06:05,0x6505491adfe51412e65e0e4e2918865df1349183,0x3654706dc731cffe9dc63a2c0382462a3dd1ad52,0.0,2687,None
Animal Society,1,10,2,1,2021-10-20 22:20:22,0x3654706dc731cffe9dc63a2c0382462a3dd1ad52,0x6505491adfe51412e65e0e4e2918865df1349183,0.0,2687,None
Animal Society,1,11,6,1,2021-10-21 18:31:53,0x611e2b1c4196675b2cbfe07c1ed7210d80769dd1,0xfb2308d3a021454d1cac605590b7b71326f3b870,0.0,3186,None
Animal Society,1,11,6,1,2021-10-21 18:25:24,0xe3d2bcac2ca3c0cb2a3f3311f863a0539b8b5293,0x611e2b1c4196675b2cbfe07c1ed7210d80769dd1,0.0,3186,None
Animal Society,1,11,6,1,2021-10-21 18:16:30,0x5be581242f264630ee4f5130648b024f69623a92,0xe3d2bcac2ca3c0cb2a3f3311f863a0539b8b5293,0.0,3186,None
Animal Society,1,11,6,1,2021-10-21 17:57:34,0xc284be032b3bf892f171d1d2e5bdcbac15909522,0x5be581242f264630ee4f5130648b024f69623a92,0.0,3186,None
Animal Society,1,11,6,1,2021-10-21 18:43:49,0x3ba0561de18ce0cc1dd8eefde5a0ec9aa276281b,0xc284be032b3bf892f171d1d2e5bdcbac15909522,0.0,3186,None
Animal Society,1,11,6,1,2021-10-21 18:35:15,0xfb2308d3a021454d1cac605590b7b71326f3b870,0x3ba0561de18ce0cc1dd8eefde5a0ec9aa276281b,0.0,3186,None
Animal Society,1,12,5,1,2021-10-21 18:38:12,0xe14410758881d79ab1f109c93df06bdbab8b2257,0xc284be032b3bf892f171d1d2e5bdcbac15909522,0.0,3185,None
Animal Society,1,12,5,1,2021-10-21 18:29:27,0x20e3c6241f1048e5885e64980a8812e2aa3035ff,0xe14410758881d79ab1f109c93df06bdbab8b2257,0.0,3185,None
Animal Society,1,12,5,1,2021-10-21 18:22:27,0xdf2138d4d446ee38cf7b2aaf65481cad8ace3e34,0x20e3c6241f1048e5885e64980a8812e2aa3035ff,0.0,3185,None
Animal Society,1,12,5,1,2021-10-21 18:16:02,0xc1d972906e75383cfa7122a2b59c7beeb2e72a72,0xdf2138d4d446ee38cf7b2aaf65481cad8ace3e34,0.0,3185,None
Animal Society,1,12,5,1,2021-10-21 17:58:55,0xc284be032b3bf892f171d1d2e5bdcbac15909522,0xc1d972906e75383cfa7122a2b59c7beeb2e72a72,0.0,3185,None
Animal Society,1,13,23,1,2021-10-21 9:06:30,0x093735af49ca63bea0e94e4c0fcbfcaba28e4750,0xfb2308d3a021454d1cac605590b7b71326f3b870,0.0,803,None
Animal Society,1,13,23,1,2021-10-21 8:59:54,0x35c654372c85bc3f845621aec1e8addad6cddca0,0x093735af49ca63bea0e94e4c0fcbfcaba28e4750,0.0,803,None
Animal Society,1,13,23,1,2021-10-21 8:57:14,0xeaa3606b35cc6e47c6f9c335a1571533ca48db36,0x35c654372c85bc3f845621aec1e8addad6cddca0,0.0,803,None
Animal Society,1,13,23,1,2021-10-21 8:54:30,0x3e14ca3dfd6bf9984eb12acf015174126ab91ab1,0xeaa3606b35cc6e47c6f9c335a1571533ca48db36,0.0,803,None
Animal Society,1,13,23,1,2021-10-21 8:49:39,0x25f4b66bad6599b9e87784e9ee5e0df33e26a3f4,0x3e14ca3dfd6bf9984eb12acf015174126ab91ab1,0.0,803,None
Animal Society,1,13,23,1,2021-10-21 8:44:35,0x6780a122feb6b67ebc93f043fc6c129b7bb4f498,0x25f4b66bad6599b9e87784e9ee5e0df33e26a3f4,0.0,803,None
Animal Society,1,13,23,1,2021-10-21 8:41:45,0x991048b241411815ed566e522e550859879e6d2f,0x6780a122feb6b67ebc93f043fc6c129b7bb4f498,0.0,803,None
Animal Society,1,13,23,1,2021-10-21 8:36:41,0xf45879df18adaca0a525fe9fd85bdb09f613e902,0x991048b241411815ed566e522e550859879e6d2f,0.0,803,None
Animal Society,1,13,23,1,2021-10-21 8:22:57,ar6291.eth,0xf45879df18adaca0a525fe9fd85bdb09f613e902,0.0,803,None
Animal Society,1,13,23,1,2021-10-22 17:49:48,0xedcbd12d0c8ac4cbb6edcf9b2c81c0ab4a9094d3,ar6291.eth,0.0,803,None
Animal Society,1,13,23,1,2021-10-21 19:52:42,0x2b09bc9e6f7b0b33141b881c7150cee21400cb2a,0xedcbd12d0c8ac4cbb6edcf9b2c81c0ab4a9094d3,0.0,803,None
Animal Society,1,13,23,1,2021-10-21 19:37:12,0x9912d628d1b3deff34dd6c3e32d2cb6501500e79,0x2b09bc9e6f7b0b33141b881c7150cee21400cb2a,0.0,803,None
Animal Society,1,13,23,1,2021-10-21 17:45:41,0x8e5e032b2f8339df92273a073fec5900f5b11181,0x9912d628d1b3deff34dd6c3e32d2cb6501500e79,0.0,803,None
Animal Society,1,13,23,1,2021-10-21 17:32:39,0xbbaf2cbb2952c98b3729374a7307ea3e8cc0abf9,0x8e5e032b2f8339df92273a073fec5900f5b11181,0.0,803,None
Animal Society,1,13,23,1,2021-10-21 12:32:56,0xb3562659f8aab79c72dbd9c8333497c47c19ead2,0xbbaf2cbb2952c98b3729374a7307ea3e8cc0abf9,0.0,803,None
Animal Society,1,13,23,1,2021-10-21 11:56:47,0xae18c2027df2c6013b27ad4d6414e286c50464f2,0xb3562659f8aab79c72dbd9c8333497c47c19ead2,0.0,803,None
Animal Society,1,13,23,1,2021-10-21 11:19:37,0xf74666458106519ab95b7180e49dd85f6a4ceacb,0xae18c2027df2c6013b27ad4d6414e286c50464f2,0.0,803,None
Animal Society,1,13,23,1,2021-10-21 11:08:51,0x8451159cd499882c828c9d1c804ed56980da6fa2,0xf74666458106519ab95b7180e49dd85f6a4ceacb,0.0,803,None
Animal Society,1,13,23,1,2021-10-21 10:52:41,0x5bf90455d4e50bf88042bf81374cad651767b3b3,0x8451159cd499882c828c9d1c804ed56980da6fa2,0.0,803,None
Animal Society,1,13,23,1,2021-10-21 10:44:22,0x7fa51e956d836b4342916ca406fefcce68197de8,0x5bf90455d4e50bf88042bf81374cad651767b3b3,0.0,803,None
Animal Society,1,13,23,1,2021-10-21 10:06:36,0x61813183782e380657777b92b00c2d9103aa2422,0x7fa51e956d836b4342916ca406fefcce68197de8,0.0,803,None
Animal Society,1,13,23,1,2021-10-21 9:58:16,0xae5a2942ad3dff5f4dd8df26019ee1bca5b30b3d,0x61813183782e380657777b92b00c2d9103aa2422,0.0,803,None
Animal Society,1,13,23,1,2021-10-21 9:38:32,0xfb2308d3a021454d1cac605590b7b71326f3b870,0xae5a2942ad3dff5f4dd8df26019ee1bca5b30b3d,0.0,803,None
Animal Society,1,14,2,2,2021-10-26 6:24:52,0x888506948d03ef7f8a4afc39dcd3dd65e754eb54,0xb1468e7020a5b309f9d4e2a5c857ecac96de5f64,0.0,4109,None
Animal Society,1,14,2,2,2021-10-21 7:38:12,0x888506948d03ef7f8a4afc39dcd3dd65e754eb54,0xb1468e7020a5b309f9d4e2a5c857ecac96de5f64,0.0,4307,None
Animal Society,1,14,2,1,2021-10-24 22:02:48,0xb1468e7020a5b309f9d4e2a5c857ecac96de5f64,0x888506948d03ef7f8a4afc39dcd3dd65e754eb54,0.0,4109,None
Animal Society,1,15,7,1,2021-10-21 1:23:09,0x02c4769c07a453ea221e403fdcc7a2203c9b1c4b,0x6540928f03ef5242a33dec5fcb92651858fb86af,0.0,4400,None
Animal Society,1,15,7,1,2021-10-21 0:41:27,0x8f5c213e58b7fd57697df9a6554fa9e0e3127750,0x02c4769c07a453ea221e403fdcc7a2203c9b1c4b,0.0,4400,None
Animal Society,1,15,7,1,2021-10-20 23:37:14,0xeef0c3ca47ee2b81f921ff30a381552f773a5bd2,0x8f5c213e58b7fd57697df9a6554fa9e0e3127750,0.0,4400,None
Animal Society,1,15,7,1,2021-10-20 23:11:05,0xe0b5129743059da34d9f2044dfe2450dbedba22a,0xeef0c3ca47ee2b81f921ff30a381552f773a5bd2,0.0,4400,None
Animal Society,1,15,7,1,2021-10-20 22:54:26,0xfd0da64406a3e52b0eafff28bbc46baf86205e13,0xe0b5129743059da34d9f2044dfe2450dbedba22a,0.0,4400,None
Animal Society,1,15,7,1,2021-10-20 22:47:26,0xda2a6295a6223e15d2e1bb3f03539be74c376580,0xfd0da64406a3e52b0eafff28bbc46baf86205e13,0.0,4400,None
Animal Society,1,15,7,1,2021-10-20 22:34:27,0x6540928f03ef5242a33dec5fcb92651858fb86af,0xda2a6295a6223e15d2e1bb3f03539be74c376580,0.0,4400,None
Animal Society,1,16,1,1,2021-10-20 20:24:55,0xb00154e628c7880ceddf01c36888fa9e6fd3ecb9,0xb00154e628c7880ceddf01c36888fa9e6fd3ecb9,0.0,4408,None
Animal Society,1,17,2,1,2021-10-21 14:03:27,0x1b98814f010bf2db3abf834fe68a950993e7d322,0x77fd9368886f69ebb16fadc7f7e7c62e7e9b9eb2,0.0,5853,None
Animal Society,1,17,2,1,2021-10-21 13:14:54,0x77fd9368886f69ebb16fadc7f7e7c62e7e9b9eb2,0x1b98814f010bf2db3abf834fe68a950993e7d322,0.0,5853,None
Animal Society,22,1,2,1,2021-10-25 13:10:11,takoa.eth,0x24adf732c47de85ca1e4584988307d92e7c0457c,0.0,1836,None
Animal Society,22,1,2,2,2021-10-23 14:34:20,0x24adf732c47de85ca1e4584988307d92e7c0457c,takoa.eth,0.0,1837,None
Animal Society,22,1,2,2,2021-10-23 12:28:09,0x24adf732c47de85ca1e4584988307d92e7c0457c,takoa.eth,0.0,1836,None
Animal Society,24,1,2,1,2021-10-25 13:31:02,0x56750523d0d77def513f7c07b92f6d47ea9f2f62,0x25171c9ad854f434330b2ccca8a971aa847e5a2d,0.0,2526,None
Animal Society,24,1,2,1,2021-10-21 4:46:07,0x25171c9ad854f434330b2ccca8a971aa847e5a2d,0x56750523d0d77def513f7c07b92f6d47ea9f2f62,0.0,2526,None
Animal Society,106,1,2,1,2021-10-25 15:10:58,0xdda28f54bc36edfcc197d21a589d58339d784dc3,0x5ac0b624e7b16a9126a35cdba591d22c27f3e30e,0.0,2063,None
Animal Society,106,1,2,1,2021-10-21 9:33:58,0x5ac0b624e7b16a9126a35cdba591d22c27f3e30e,0xdda28f54bc36edfcc197d21a589d58339d784dc3,0.0,2063,None
Animal Society,129,1,2,1,2021-10-27 14:09:01,swolfchan.eth,0x735089809100d322e469ef0f8eacef34ee490e2d,0.0,5360,None
Animal Society,129,1,2,1,2021-10-21 1:48:06,0x735089809100d322e469ef0f8eacef34ee490e2d,swolfchan.eth,0.0,5360,None
Animal Society,199,1,2,1,2021-10-27 10:15:52,0xed7a86ebdd39bc4a9339d0aa3bb91b497caf7686,0xc29d7fe198328a424b2113c91bcaa843d10e2c3c,0.0,674,None
Animal Society,199,1,2,1,2021-10-21 6:37:35,0xc29d7fe198328a424b2113c91bcaa843d10e2c3c,0xed7a86ebdd39bc4a9339d0aa3bb91b497caf7686,0.0,674,None
Animal Society,202,1,2,1,2021-10-21 6:12:38,juhan.eth,0xc4d852b05355869020599ec57f7e55ef2456dbb9,0.0,5774,None
Animal Society,202,1,2,1,2021-10-21 6:26:12,0xc4d852b05355869020599ec57f7e55ef2456dbb9,juhan.eth,0.0,5774,None
Animal Society,242,1,1,1,2021-10-28 12:46:27,0xed0ac0a53d92d751cb9084ab9abb9a13c30cafa7,0xed0ac0a53d92d751cb9084ab9abb9a13c30cafa7,0.0,742,None
Ape Harbour Yachts,1,1,3,1,2021-07-26 17:33:28,0x71b691dfd70ce2e5c682790b075f46fe2d1d3e04,0xfde195299315f1609b8f273525dbf0e9cfd823d5,0.0786,6763,Opensea
Ape Harbour Yachts,1,1,3,1,2021-07-26 18:08:44,0x3665e13ec88d60a490eb8b34acab4a52d46ec8c2,0x71b691dfd70ce2e5c682790b075f46fe2d1d3e04,0.06,4729,Opensea
Ape Harbour Yachts,1,1,3,1,2021-07-26 18:26:15,0xfde195299315f1609b8f273525dbf0e9cfd823d5,0x3665e13ec88d60a490eb8b34acab4a52d46ec8c2,0.1,1538,Opensea
Ape Harbour Yachts,1,2,2,19,2021-07-27 3:11:20,0x97b65b2da065ffad58608a820d532bd47e0f84b9,0x7daf36b02586e7a30118e1648b36346194490b64,0.0,2165,None
Ape Harbour Yachts,1,2,2,19,2021-07-27 3:11:20,0x97b65b2da065ffad58608a820d532bd47e0f84b9,0x7daf36b02586e7a30118e1648b36346194490b64,0.0,2164,None
Ape Harbour Yachts,1,2,2,19,2021-07-27 3:11:20,0x97b65b2da065ffad58608a820d532bd47e0f84b9,0x7daf36b02586e7a30118e1648b36346194490b64,0.0,2163,None
Ape Harbour Yachts,1,2,2,19,2021-07-27 3:11:20,0x97b65b2da065ffad58608a820d532bd47e0f84b9,0x7daf36b02586e7a30118e1648b36346194490b64,0.0,2162,None
Ape Harbour Yachts,1,2,2,19,2021-07-27 3:11:20,0x97b65b2da065ffad58608a820d532bd47e0f84b9,0x7daf36b02586e7a30118e1648b36346194490b64,0.0,2161,None
Ape Harbour Yachts,1,2,2,19,2021-07-27 3:11:20,0x97b65b2da065ffad58608a820d532bd47e0f84b9,0x7daf36b02586e7a30118e1648b36346194490b64,0.0,2160,None
Ape Harbour Yachts,1,2,2,19,2021-07-27 3:11:20,0x97b65b2da065ffad58608a820d532bd47e0f84b9,0x7daf36b02586e7a30118e1648b36346194490b64,0.0,2159,None
Ape Harbour Yachts,1,2,2,19,2021-07-27 3:11:20,0x97b65b2da065ffad58608a820d532bd47e0f84b9,0x7daf36b02586e7a30118e1648b36346194490b64,0.0,2157,None
Ape Harbour Yachts,1,2,2,19,2021-07-27 3:11:20,0x97b65b2da065ffad58608a820d532bd47e0f84b9,0x7daf36b02586e7a30118e1648b36346194490b64,0.0,2156,None
Ape Harbour Yachts,1,2,2,19,2021-07-27 3:11:20,0x97b65b2da065ffad58608a820d532bd47e0f84b9,0x7daf36b02586e7a30118e1648b36346194490b64,0.0,2155,None
Ape Harbour Yachts,1,2,2,19,2021-07-27 3:11:20,0x97b65b2da065ffad58608a820d532bd47e0f84b9,0x7daf36b02586e7a30118e1648b36346194490b64,0.0,2154,None
Ape Harbour Yachts,1,2,2,19,2021-07-27 3:11:20,0x97b65b2da065ffad58608a820d532bd47e0f84b9,0x7daf36b02586e7a30118e1648b36346194490b64,0.0,2153,None
Ape Harbour Yachts,1,2,2,19,2021-07-27 3:11:20,0x97b65b2da065ffad58608a820d532bd47e0f84b9,0x7daf36b02586e7a30118e1648b36346194490b64,0.0,2152,None
Ape Harbour Yachts,1,2,2,19,2021-07-27 3:11:20,0x97b65b2da065ffad58608a820d532bd47e0f84b9,0x7daf36b02586e7a30118e1648b36346194490b64,0.0,2151,None
Ape Harbour Yachts,1,2,2,19,2021-07-27 3:11:20,0x97b65b2da065ffad58608a820d532bd47e0f84b9,0x7daf36b02586e7a30118e1648b36346194490b64,0.0,2150,None
Ape Harbour Yachts,1,2,2,19,2021-07-27 3:11:20,0x97b65b2da065ffad58608a820d532bd47e0f84b9,0x7daf36b02586e7a30118e1648b36346194490b64,0.0,2149,None
Ape Harbour Yachts,1,2,2,19,2021-07-27 3:11:20,0x97b65b2da065ffad58608a820d532bd47e0f84b9,0x7daf36b02586e7a30118e1648b36346194490b64,0.0,2148,None
Ape Harbour Yachts,1,2,2,19,2021-07-27 3:11:20,0x97b65b2da065ffad58608a820d532bd47e0f84b9,0x7daf36b02586e7a30118e1648b36346194490b64,0.0,2147,None
Ape Harbour Yachts,1,2,2,19,2021-07-27 3:11:20,0x97b65b2da065ffad58608a820d532bd47e0f84b9,0x7daf36b02586e7a30118e1648b36346194490b64,0.0,2146,None
Ape Harbour Yachts,1,2,2,19,2021-07-26 19:11:35,0x7daf36b02586e7a30118e1648b36346194490b64,0x97b65b2da065ffad58608a820d532bd47e0f84b9,0.0,2165,None
Ape Harbour Yachts,1,2,2,19,2021-07-26 19:11:35,0x7daf36b02586e7a30118e1648b36346194490b64,0x97b65b2da065ffad58608a820d532bd47e0f84b9,0.0,2164,None
Ape Harbour Yachts,1,2,2,19,2021-07-26 19:11:35,0x7daf36b02586e7a30118e1648b36346194490b64,0x97b65b2da065ffad58608a820d532bd47e0f84b9,0.0,2163,None
Ape Harbour Yachts,1,2,2,19,2021-07-26 19:11:35,0x7daf36b02586e7a30118e1648b36346194490b64,0x97b65b2da065ffad58608a820d532bd47e0f84b9,0.0,2162,None
Ape Harbour Yachts,1,2,2,19,2021-07-26 19:11:35,0x7daf36b02586e7a30118e1648b36346194490b64,0x97b65b2da065ffad58608a820d532bd47e0f84b9,0.0,2161,None
Ape Harbour Yachts,1,2,2,19,2021-07-26 19:11:35,0x7daf36b02586e7a30118e1648b36346194490b64,0x97b65b2da065ffad58608a820d532bd47e0f84b9,0.0,2160,None
Ape Harbour Yachts,1,2,2,19,2021-07-26 19:11:35,0x7daf36b02586e7a30118e1648b36346194490b64,0x97b65b2da065ffad58608a820d532bd47e0f84b9,0.0,2159,None
Ape Harbour Yachts,1,2,2,19,2021-07-26 19:11:35,0x7daf36b02586e7a30118e1648b36346194490b64,0x97b65b2da065ffad58608a820d532bd47e0f84b9,0.0,2157,None
Ape Harbour Yachts,1,2,2,19,2021-07-26 19:11:35,0x7daf36b02586e7a30118e1648b36346194490b64,0x97b65b2da065ffad58608a820d532bd47e0f84b9,0.0,2156,None
Ape Harbour Yachts,1,2,2,19,2021-07-26 19:11:35,0x7daf36b02586e7a30118e1648b36346194490b64,0x97b65b2da065ffad58608a820d532bd47e0f84b9,0.0,2155,None
Ape Harbour Yachts,1,2,2,19,2021-07-26 19:11:35,0x7daf36b02586e7a30118e1648b36346194490b64,0x97b65b2da065ffad58608a820d532bd47e0f84b9,0.0,2154,None
Ape Harbour Yachts,1,2,2,19,2021-07-26 19:11:35,0x7daf36b02586e7a30118e1648b36346194490b64,0x97b65b2da065ffad58608a820d532bd47e0f84b9,0.0,2153,None
Ape Harbour Yachts,1,2,2,19,2021-07-26 19:11:35,0x7daf36b02586e7a30118e1648b36346194490b64,0x97b65b2da065ffad58608a820d532bd47e0f84b9,0.0,2152,None
Ape Harbour Yachts,1,2,2,19,2021-07-26 19:11:35,0x7daf36b02586e7a30118e1648b36346194490b64,0x97b65b2da065ffad58608a820d532bd47e0f84b9,0.0,2151,None
Ape Harbour Yachts,1,2,2,19,2021-07-26 19:11:35,0x7daf36b02586e7a30118e1648b36346194490b64,0x97b65b2da065ffad58608a820d532bd47e0f84b9,0.0,2150,None
Ape Harbour Yachts,1,2,2,19,2021-07-26 19:11:35,0x7daf36b02586e7a30118e1648b36346194490b64,0x97b65b2da065ffad58608a820d532bd47e0f84b9,0.0,2149,None
Ape Harbour Yachts,1,2,2,19,2021-07-26 19:11:35,0x7daf36b02586e7a30118e1648b36346194490b64,0x97b65b2da065ffad58608a820d532bd47e0f84b9,0.0,2148,None
Ape Harbour Yachts,1,2,2,19,2021-07-26 19:11:35,0x7daf36b02586e7a30118e1648b36346194490b64,0x97b65b2da065ffad58608a820d532bd47e0f84b9,0.0,2147,None
Ape Harbour Yachts,1,2,2,19,2021-07-26 19:11:35,0x7daf36b02586e7a30118e1648b36346194490b64,0x97b65b2da065ffad58608a820d532bd47e0f84b9,0.0,2146,None
Ape Harbour Yachts,1,3,2,2,2021-07-26 11:48:03,0x56d76411919ab8f86d0972b24a9986943193b306,0x9ee5e3ff06425cf972e77c195f70ecb18ac23d7f,0.0,4681,None
Ape Harbour Yachts,1,3,2,2,2021-07-26 11:40:30,0x56d76411919ab8f86d0972b24a9986943193b306,0x9ee5e3ff06425cf972e77c195f70ecb18ac23d7f,0.0,4681,None
Ape Harbour Yachts,1,3,2,2,2021-07-26 11:44:22,0x9ee5e3ff06425cf972e77c195f70ecb18ac23d7f,0x56d76411919ab8f86d0972b24a9986943193b306,0.0,4681,None
Ape Harbour Yachts,1,3,2,2,2021-07-26 11:37:54,0x9ee5e3ff06425cf972e77c195f70ecb18ac23d7f,0x56d76411919ab8f86d0972b24a9986943193b306,0.0,4681,None
Ape Harbour Yachts,1,4,2,1,2021-08-28 13:55:01,0x296df88601c8f49535f881de73684d5e2d530a71,0xa2efa94766ee867c91f71e8020a3c97ae687e5c3,0.0,3721,None
Ape Harbour Yachts,1,4,2,1,2021-08-23 17:39:14,0xa2efa94766ee867c91f71e8020a3c97ae687e5c3,0x296df88601c8f49535f881de73684d5e2d530a71,0.0,3721,None
Ape Harbour Yachts,1,5,2,6,2021-07-26 18:55:41,shariq911.eth,0x549e1eb7b4de1f310583319f3ade374a3b5a9ff6,0.0,1015,None
Ape Harbour Yachts,1,5,2,6,2021-07-25 18:03:38,shariq911.eth,0x549e1eb7b4de1f310583319f3ade374a3b5a9ff6,0.0,76,None
Ape Harbour Yachts,1,5,2,6,2021-07-25 18:03:38,shariq911.eth,0x549e1eb7b4de1f310583319f3ade374a3b5a9ff6,0.0,75,None
Ape Harbour Yachts,1,5,2,6,2021-07-25 18:03:38,shariq911.eth,0x549e1eb7b4de1f310583319f3ade374a3b5a9ff6,0.0,74,None
Ape Harbour Yachts,1,5,2,6,2021-07-25 18:03:38,shariq911.eth,0x549e1eb7b4de1f310583319f3ade374a3b5a9ff6,0.0,73,None
Ape Harbour Yachts,1,5,2,6,2021-07-25 18:03:38,shariq911.eth,0x549e1eb7b4de1f310583319f3ade374a3b5a9ff6,0.0,72,None
Ape Harbour Yachts,1,5,2,5,2021-07-25 22:42:44,0x549e1eb7b4de1f310583319f3ade374a3b5a9ff6,shariq911.eth,0.0,1019,None
Ape Harbour Yachts,1,5,2,5,2021-07-25 22:42:44,0x549e1eb7b4de1f310583319f3ade374a3b5a9ff6,shariq911.eth,0.0,1018,None
Ape Harbour Yachts,1,5,2,5,2021-07-25 22:42:44,0x549e1eb7b4de1f310583319f3ade374a3b5a9ff6,shariq911.eth,0.0,1017,None
Ape Harbour Yachts,1,5,2,5,2021-07-25 22:42:44,0x549e1eb7b4de1f310583319f3ade374a3b5a9ff6,shariq911.eth,0.0,1016,None
Ape Harbour Yachts,1,5,2,5,2021-07-25 22:42:44,0x549e1eb7b4de1f310583319f3ade374a3b5a9ff6,shariq911.eth,0.0,1015,None
Ape Harbour Yachts,1,6,2,1,2021-09-19 8:37:45,0x253a4e8816c114b663938204717dfff46353f83c,0xce1f27b591ca205066ac9257e3cab7b604a457b4,0.03,6497,Opensea
Ape Harbour Yachts,1,6,2,10,2021-08-15 10:17:09,0xce1f27b591ca205066ac9257e3cab7b604a457b4,0x253a4e8816c114b663938204717dfff46353f83c,0.0,7629,None
Ape Harbour Yachts,1,6,2,10,2021-08-15 10:17:09,0xce1f27b591ca205066ac9257e3cab7b604a457b4,0x253a4e8816c114b663938204717dfff46353f83c,0.0,7495,None
Ape Harbour Yachts,1,6,2,10,2021-08-15 10:17:09,0xce1f27b591ca205066ac9257e3cab7b604a457b4,0x253a4e8816c114b663938204717dfff46353f83c,0.0,7477,None
Ape Harbour Yachts,1,6,2,10,2021-08-15 10:17:09,0xce1f27b591ca205066ac9257e3cab7b604a457b4,0x253a4e8816c114b663938204717dfff46353f83c,0.0,7414,None
Ape Harbour Yachts,1,6,2,10,2021-08-15 10:17:09,0xce1f27b591ca205066ac9257e3cab7b604a457b4,0x253a4e8816c114b663938204717dfff46353f83c,0.0,7246,None
Ape Harbour Yachts,1,6,2,10,2021-08-15 10:17:09,0xce1f27b591ca205066ac9257e3cab7b604a457b4,0x253a4e8816c114b663938204717dfff46353f83c,0.0,7116,None
Ape Harbour Yachts,1,6,2,10,2021-08-15 10:17:09,0xce1f27b591ca205066ac9257e3cab7b604a457b4,0x253a4e8816c114b663938204717dfff46353f83c,0.0,6997,None
Ape Harbour Yachts,1,6,2,10,2021-08-15 10:17:09,0xce1f27b591ca205066ac9257e3cab7b604a457b4,0x253a4e8816c114b663938204717dfff46353f83c,0.0,6752,None
Ape Harbour Yachts,1,6,2,10,2021-08-15 10:17:09,0xce1f27b591ca205066ac9257e3cab7b604a457b4,0x253a4e8816c114b663938204717dfff46353f83c,0.0,6676,None
Ape Harbour Yachts,1,6,2,10,2021-08-15 10:17:09,0xce1f27b591ca205066ac9257e3cab7b604a457b4,0x253a4e8816c114b663938204717dfff46353f83c,0.0,6497,None
Ape Harbour Yachts,1,7,4,7,2021-08-19 8:29:10,0x931628fc02fcdbdfaac85b57a0d214899b4e3d91,0xce1f27b591ca205066ac9257e3cab7b604a457b4,0.0089,5652,Opensea
Ape Harbour Yachts,1,7,4,7,2021-08-19 8:29:10,0x931628fc02fcdbdfaac85b57a0d214899b4e3d91,0xce1f27b591ca205066ac9257e3cab7b604a457b4,0.0085,5663,Opensea
Ape Harbour Yachts,1,7,4,7,2021-08-19 8:22:49,0x931628fc02fcdbdfaac85b57a0d214899b4e3d91,0xce1f27b591ca205066ac9257e3cab7b604a457b4,0.009,7141,Opensea
Ape Harbour Yachts,1,7,4,7,2021-08-19 8:22:24,0x931628fc02fcdbdfaac85b57a0d214899b4e3d91,0xce1f27b591ca205066ac9257e3cab7b604a457b4,0.009,2454,Opensea
Ape Harbour Yachts,1,7,4,7,2021-08-19 8:21:15,0x931628fc02fcdbdfaac85b57a0d214899b4e3d91,0xce1f27b591ca205066ac9257e3cab7b604a457b4,0.009,6396,Opensea
Ape Harbour Yachts,1,7,4,7,2021-08-19 8:19:27,0x931628fc02fcdbdfaac85b57a0d214899b4e3d91,0xce1f27b591ca205066ac9257e3cab7b604a457b4,0.0088,5921,Opensea
Ape Harbour Yachts,1,7,4,7,2021-08-19 8:18:51,0x931628fc02fcdbdfaac85b57a0d214899b4e3d91,0xce1f27b591ca205066ac9257e3cab7b604a457b4,0.0088,4190,Opensea
Ape Harbour Yachts,1,7,4,1,2021-09-25 0:47:49,0x75a243cb48a7b7a5ce1776d267745ece3de9c6dd,0x931628fc02fcdbdfaac85b57a0d214899b4e3d91,0.0399,6807,Opensea
Ape Harbour Yachts,1,7,4,1,2021-08-20 9:33:40,logasynth.eth,0x75a243cb48a7b7a5ce1776d267745ece3de9c6dd,0.0,6807,None
Ape Harbour Yachts,1,7,4,3,2021-08-18 9:30:34,0xce1f27b591ca205066ac9257e3cab7b604a457b4,logasynth.eth,0.0,6822,None
Ape Harbour Yachts,1,7,4,3,2021-08-18 9:30:34,0xce1f27b591ca205066ac9257e3cab7b604a457b4,logasynth.eth,0.0,6820,None
Ape Harbour Yachts,1,7,4,3,2021-08-18 9:30:34,0xce1f27b591ca205066ac9257e3cab7b604a457b4,logasynth.eth,0.0,6807,None
Ape Harbour Yachts,1,8,2,2,2021-10-09 11:59:06,0x1a375bf7d1873563f147877df218957120299744,0x94ceb946e97b928b71b3dd29046585efd4cdf7f7,0.0,5339,None
Ape Harbour Yachts,1,8,2,2,2021-10-09 11:11:11,0x1a375bf7d1873563f147877df218957120299744,0x94ceb946e97b928b71b3dd29046585efd4cdf7f7,0.0,5339,None
Ape Harbour Yachts,1,8,2,2,2021-10-09 11:52:00,0x94ceb946e97b928b71b3dd29046585efd4cdf7f7,0x1a375bf7d1873563f147877df218957120299744,0.0,5339,None
Ape Harbour Yachts,1,8,2,2,2021-10-09 2:27:41,0x94ceb946e97b928b71b3dd29046585efd4cdf7f7,0x1a375bf7d1873563f147877df218957120299744,0.0,5339,None
Ape Harbour Yachts,1,9,2,1,2021-08-11 16:10:32,0x99918ce502c8861ac6a664b3f56babf0df93c695,0x2c3dd65e94f97b2a25239eddffd2e192c08769b8,0.0,2489,None
Ape Harbour Yachts,1,9,2,1,2021-08-11 14:23:42,0x2c3dd65e94f97b2a25239eddffd2e192c08769b8,0x99918ce502c8861ac6a664b3f56babf0df93c695,0.0,2489,None
Ape Harbour Yachts,1,10,2,1,2021-07-26 20:59:20,0xa8a153d0815362ba40c13793e5c7ccf805951fa9,0x6a8a5c4a843f1dd1f3a769c75c7112be2a568b79,0.0,4640,None
Ape Harbour Yachts,1,10,2,1,2021-07-26 2:52:11,0x6a8a5c4a843f1dd1f3a769c75c7112be2a568b79,0xa8a153d0815362ba40c13793e5c7ccf805951fa9,0.0,4640,None
Ape Harbour Yachts,1,11,1,2,2021-10-18 15:08:13,0xe11870f3598cb988c11434458aaf0a1b401da555,0xe11870f3598cb988c11434458aaf0a1b401da555,0.0,6050,None
Ape Harbour Yachts,1,11,1,2,2021-10-18 14:46:17,0xe11870f3598cb988c11434458aaf0a1b401da555,0xe11870f3598cb988c11434458aaf0a1b401da555,0.0,6050,None
Ape Harbour Yachts,1,12,2,1,2021-07-27 4:03:16,0xe31edf10b3c010aec121285004ea5062f6ff2e66,0x6aa3cce6efba3a11cbaf1425332b1b678a37d779,0.0,5513,None
Ape Harbour Yachts,1,12,2,1,2021-07-27 4:05:44,0x6aa3cce6efba3a11cbaf1425332b1b678a37d779,0xe31edf10b3c010aec121285004ea5062f6ff2e66,0.0,700,None
Ape Harbour Yachts,1,13,2,1,2021-08-03 3:55:40,0xbc41b268e5ddb27b85b76c1ef6f98eb8a7486fa2,0x4e4629251bf17e20287488625776d0df523c8ff3,0.0,2083,None
Ape Harbour Yachts,1,13,2,2,2021-08-03 3:58:45,0x4e4629251bf17e20287488625776d0df523c8ff3,0xbc41b268e5ddb27b85b76c1ef6f98eb8a7486fa2,0.0,2083,None
Ape Harbour Yachts,1,13,2,2,2021-08-02 15:51:30,0x4e4629251bf17e20287488625776d0df523c8ff3,0xbc41b268e5ddb27b85b76c1ef6f98eb8a7486fa2,0.0,2083,None
Ape Harbour Yachts,1,14,2,1,2021-08-07 5:00:15,0x55bf770ee3ad2a92720568327bd4fb4c0112cb09,0x5d693b8878eb53166cb8b578a9aa59188a89f933,0.0,7621,None
Ape Harbour Yachts,1,14,2,1,2021-08-06 16:35:29,0x5d693b8878eb53166cb8b578a9aa59188a89f933,0x55bf770ee3ad2a92720568327bd4fb4c0112cb09,0.0,7621,None
Ape Harbour Yachts,1,15,1,1,2021-10-23 17:30:35,0x9e239939665b0511c189c0878188590ef84b2d62,0x9e239939665b0511c189c0878188590ef84b2d62,0.0,2205,None
Ape Harbour Yachts,1,16,2,1,2021-09-23 18:58:29,0xd23f42e3dc8769f38de085a52b81e76233c9750c,0x87ddcd66931e373c7332bfbdefec658b7dc9f905,0.0,4612,None
Ape Harbour Yachts,1,16,2,2,2021-09-23 21:34:52,0x87ddcd66931e373c7332bfbdefec658b7dc9f905,0xd23f42e3dc8769f38de085a52b81e76233c9750c,0.0,4612,None
Ape Harbour Yachts,1,16,2,2,2021-08-28 12:49:09,0x87ddcd66931e373c7332bfbdefec658b7dc9f905,0xd23f42e3dc8769f38de085a52b81e76233c9750c,0.0,4612,None
Ape Harbour Yachts,1,17,2,1,2021-08-28 13:55:59,0x43f6804e203a6e96ace054784973073daea68246,0x031dc24943a42e1205417d1130b616accf667bae,0.0,7150,None
Ape Harbour Yachts,1,17,2,1,2021-08-28 13:31:32,0x031dc24943a42e1205417d1130b616accf667bae,0x43f6804e203a6e96ace054784973073daea68246,0.0,7150,None
Ape Harbour Yachts,1,18,2,1,2021-09-23 22:18:34,0x283542dac8b85c6f223e24c19e9e5863432070d5,stooch.eth,0.0,1892,None
Ape Harbour Yachts,1,18,2,1,2021-09-23 22:17:01,stooch.eth,0x283542dac8b85c6f223e24c19e9e5863432070d5,0.0,1892,None
Ape Harbour Yachts,1,19,1,1,2021-08-29 21:31:43,0xe202489b1eb1ff08b7e45615c4c5683518ac2c0e,0xe202489b1eb1ff08b7e45615c4c5683518ac2c0e,0.0,4655,None
Ape Harbour Yachts,1,20,1,1,2021-09-11 18:54:21,0xd7b3fd6bb38ec75116ab99ab1917c0441542cddc,0xd7b3fd6bb38ec75116ab99ab1917c0441542cddc,0.0,4896,None
Ape Harbour Yachts,1,21,2,1,2021-09-13 4:04:57,0x30156f639238bdbb6be7d0b5eeb0e7cfc8e0eb32,finnthecat.eth,0.0,6361,None
Ape Harbour Yachts,1,21,2,1,2021-08-20 3:54:14,finnthecat.eth,0x30156f639238bdbb6be7d0b5eeb0e7cfc8e0eb32,0.0,6361,None
Ape Harbour Yachts,1,22,3,1,2021-08-11 20:41:02,subvert.eth,brunksy.eth,0.0,1405,None
Ape Harbour Yachts,1,22,3,1,2021-08-11 20:00:20,0xdce9329c5512520e92ca13d40ad530f49ebfb26f,subvert.eth,0.0,1405,None
Ape Harbour Yachts,1,22,3,1,2021-08-08 3:34:42,brunksy.eth,0xdce9329c5512520e92ca13d40ad530f49ebfb26f,0.0,1405,None
Ape Harbour Yachts,1,23,2,2,2021-08-08 10:57:31,0x69c4e59b4f1f8a2782279ba9d884b8d3a2c1e6ad,0xe92cfbf9b6e3c4fd676c9a54fa0220b0d332ef2f,0.0,6162,None
Ape Harbour Yachts,1,23,2,2,2021-08-08 10:57:31,0x69c4e59b4f1f8a2782279ba9d884b8d3a2c1e6ad,0xe92cfbf9b6e3c4fd676c9a54fa0220b0d332ef2f,0.0,6161,None
Ape Harbour Yachts,1,23,2,2,2021-07-26 8:50:15,0xe92cfbf9b6e3c4fd676c9a54fa0220b0d332ef2f,0x69c4e59b4f1f8a2782279ba9d884b8d3a2c1e6ad,0.0,6162,None
Ape Harbour Yachts,1,23,2,2,2021-07-26 8:50:15,0xe92cfbf9b6e3c4fd676c9a54fa0220b0d332ef2f,0x69c4e59b4f1f8a2782279ba9d884b8d3a2c1e6ad,0.0,6161,None
Ape Harbour Yachts,8,1,3,7,2021-07-28 9:16:29,0xf8bfc75efc92fafe310d1f72f86e41e76b05d9c1,0x01b002c8007b54c51fae5218f69bb3e9a06e99b7,0.0,2131,None
Ape Harbour Yachts,8,1,3,7,2021-07-28 9:16:29,0xf8bfc75efc92fafe310d1f72f86e41e76b05d9c1,0x01b002c8007b54c51fae5218f69bb3e9a06e99b7,0.0,1409,None
Ape Harbour Yachts,8,1,3,7,2021-07-28 9:16:29,0xf8bfc75efc92fafe310d1f72f86e41e76b05d9c1,0x01b002c8007b54c51fae5218f69bb3e9a06e99b7,0.0,858,None
Ape Harbour Yachts,8,1,3,7,2021-07-28 9:16:29,0xf8bfc75efc92fafe310d1f72f86e41e76b05d9c1,0x01b002c8007b54c51fae5218f69bb3e9a06e99b7,0.0,857,None
Ape Harbour Yachts,8,1,3,7,2021-07-28 9:16:29,0xf8bfc75efc92fafe310d1f72f86e41e76b05d9c1,0x01b002c8007b54c51fae5218f69bb3e9a06e99b7,0.0,856,None
Ape Harbour Yachts,8,1,3,7,2021-07-28 9:16:29,0xf8bfc75efc92fafe310d1f72f86e41e76b05d9c1,0x01b002c8007b54c51fae5218f69bb3e9a06e99b7,0.0,854,None
Ape Harbour Yachts,8,1,3,7,2021-07-28 9:13:27,0xf8bfc75efc92fafe310d1f72f86e41e76b05d9c1,0x01b002c8007b54c51fae5218f69bb3e9a06e99b7,0.0,855,None
Ape Harbour Yachts,8,1,3,1,2021-08-10 10:29:03,0x22b61771e3058effcef462dc7fd022f57c06eeb5,0xf8bfc75efc92fafe310d1f72f86e41e76b05d9c1,0.0,2131,None
Ape Harbour Yachts,8,1,3,7,2021-08-10 9:49:57,0x01b002c8007b54c51fae5218f69bb3e9a06e99b7,0x22b61771e3058effcef462dc7fd022f57c06eeb5,0.0,2131,None
Ape Harbour Yachts,8,1,3,7,2021-08-10 9:49:57,0x01b002c8007b54c51fae5218f69bb3e9a06e99b7,0x22b61771e3058effcef462dc7fd022f57c06eeb5,0.0,1409,None
Ape Harbour Yachts,8,1,3,7,2021-08-10 9:49:57,0x01b002c8007b54c51fae5218f69bb3e9a06e99b7,0x22b61771e3058effcef462dc7fd022f57c06eeb5,0.0,858,None
Ape Harbour Yachts,8,1,3,7,2021-08-10 9:49:57,0x01b002c8007b54c51fae5218f69bb3e9a06e99b7,0x22b61771e3058effcef462dc7fd022f57c06eeb5,0.0,857,None
Ape Harbour Yachts,8,1,3,7,2021-08-10 9:49:57,0x01b002c8007b54c51fae5218f69bb3e9a06e99b7,0x22b61771e3058effcef462dc7fd022f57c06eeb5,0.0,856,None
Ape Harbour Yachts,8,1,3,7,2021-08-10 9:49:57,0x01b002c8007b54c51fae5218f69bb3e9a06e99b7,0x22b61771e3058effcef462dc7fd022f57c06eeb5,0.0,855,None
Ape Harbour Yachts,8,1,3,7,2021-08-10 9:49:57,0x01b002c8007b54c51fae5218f69bb3e9a06e99b7,0x22b61771e3058effcef462dc7fd022f57c06eeb5,0.0,854,None
Ape Harbour Yachts,32,1,2,1,2021-10-05 0:23:42,mackenzieburnett.eth,0x342fd9c9202fce056384d5751099bf782e1b6788,0.0,3531,None
Ape Harbour Yachts,32,1,2,1,2021-08-29 15:47:36,0x342fd9c9202fce056384d5751099bf782e1b6788,mackenzieburnett.eth,0.0,3531,None
Ape Harbour Yachts,63,1,1,1,2021-08-11 12:19:35,0xd2dfd40253b387bfb85e2f0f7708876fe76e53e7,0xd2dfd40253b387bfb85e2f0f7708876fe76e53e7,0.0,2279,None
Ape Harbour Yachts,63,2,2,1,2021-08-11 10:53:45,0x8bced9d03f4c3bc59a0bcf91933191285af67268,0xd2dfd40253b387bfb85e2f0f7708876fe76e53e7,0.0,2279,None
Ape Harbour Yachts,63,2,2,1,2021-08-11 12:49:01,0xd2dfd40253b387bfb85e2f0f7708876fe76e53e7,0x8bced9d03f4c3bc59a0bcf91933191285af67268,0.0,2279,None
Ape Harbour Yachts,73,1,2,1,2021-09-21 17:55:03,game7.eth,0xb379760c83afb50fcc8296766ed912f0d57be635,0.0,3296,None
Ape Harbour Yachts,73,1,2,1,2021-09-21 17:17:02,0xb379760c83afb50fcc8296766ed912f0d57be635,game7.eth,0.0,3296,None
Ape Harbour Yachts,97,1,2,1,2021-08-27 17:12:50,0xe87cdfdb7c150cb0dc152c566ff89d171f13df5b,0xe5c37d6f79920225246d5fc83de318a0f54851bf,0.0,5757,None
Ape Harbour Yachts,97,1,2,1,2021-08-27 2:18:17,0xe5c37d6f79920225246d5fc83de318a0f54851bf,0xe87cdfdb7c150cb0dc152c566ff89d171f13df5b,0.0,5757,None
DogeX,1,1,4,1,2021-09-14 2:24:03,0x61f64f6482a0997f96ad93553350fb830b116a62,0x891866b2286a1279f59bfc7f4fef464235ce3edd,0.24,5611,Opensea
DogeX,1,1,4,3,2021-09-14 7:14:21,heff.eth,0x61f64f6482a0997f96ad93553350fb830b116a62,0.0,5395,None
DogeX,1,1,4,3,2021-09-14 7:09:45,heff.eth,0x61f64f6482a0997f96ad93553350fb830b116a62,0.0,4451,None
DogeX,1,1,4,3,2021-09-14 7:03:07,heff.eth,0x61f64f6482a0997f96ad93553350fb830b116a62,0.0,4948,None
DogeX,1,1,4,3,2021-09-28 16:43:15,0x4eea2657e4fc5d1f1b80768905ef5969b0fb3b9a,heff.eth,0.0,4373,None
DogeX,1,1,4,3,2021-09-28 3:17:50,0x4eea2657e4fc5d1f1b80768905ef5969b0fb3b9a,heff.eth,0.0,3642,None
DogeX,1,1,4,3,2021-09-28 2:56:48,0x4eea2657e4fc5d1f1b80768905ef5969b0fb3b9a,heff.eth,0.0,4480,None
DogeX,1,1,4,1,2021-09-19 23:45:01,0x891866b2286a1279f59bfc7f4fef464235ce3edd,0x4eea2657e4fc5d1f1b80768905ef5969b0fb3b9a,0.04,6220,Opensea
DogeX,1,2,2,3,2021-09-14 7:14:21,heff.eth,0x61f64f6482a0997f96ad93553350fb830b116a62,0.0,5395,None
DogeX,1,2,2,3,2021-09-14 7:09:45,heff.eth,0x61f64f6482a0997f96ad93553350fb830b116a62,0.0,4451,None
DogeX,1,2,2,3,2021-09-14 7:03:07,heff.eth,0x61f64f6482a0997f96ad93553350fb830b116a62,0.0,4948,None
DogeX,1,2,2,1,2021-09-14 6:58:51,0x61f64f6482a0997f96ad93553350fb830b116a62,heff.eth,0.0,5680,Opensea
DogeX,1,3,2,3,2021-09-29 23:37:27,0x7804c41a289250a864570c26488e0399f14fe679,0x1ce67e6c5510525fd85c6dc3a54d58dad3240e6d,1.5,4348,Opensea
DogeX,1,3,2,3,2021-09-28 0:06:14,0x7804c41a289250a864570c26488e0399f14fe679,0x1ce67e6c5510525fd85c6dc3a54d58dad3240e6d,1.5,4302,Opensea
DogeX,1,3,2,3,2021-09-27 23:58:51,0x7804c41a289250a864570c26488e0399f14fe679,0x1ce67e6c5510525fd85c6dc3a54d58dad3240e6d,2.0,2010,Opensea
DogeX,1,3,2,2,2021-09-28 21:51:50,0x1ce67e6c5510525fd85c6dc3a54d58dad3240e6d,0x7804c41a289250a864570c26488e0399f14fe679,1.5,6804,Opensea
DogeX,1,3,2,2,2021-09-28 0:03:12,0x1ce67e6c5510525fd85c6dc3a54d58dad3240e6d,0x7804c41a289250a864570c26488e0399f14fe679,2.0,6811,Opensea
DogeX,1,4,3,1,2021-09-29 23:28:25,0x7bf80633d56c65813bdfb459bb84c5094f57a7a7,0x1ce67e6c5510525fd85c6dc3a54d58dad3240e6d,0.04,5233,Opensea
DogeX,1,4,3,1,2021-09-16 22:38:58,0x7883eb05bf6f2e350a643c3f1278324d42f53ce1,0x7bf80633d56c65813bdfb459bb84c5094f57a7a7,0.0,2923,Opensea
DogeX,1,4,3,1,2021-09-10 2:03:59,0x1ce67e6c5510525fd85c6dc3a54d58dad3240e6d,0x7883eb05bf6f2e350a643c3f1278324d42f53ce1,0.0,3826,None
DogeX,1,5,2,2,2021-09-26 3:02:07,0x92512e8bfc251311682db5bc4ff99c0b16e59099,0x07b2c8940c704d2a99ac7c5ee95dd39b59f50e6b,0.2,6737,Opensea
DogeX,1,5,2,2,2021-09-25 19:01:05,0x92512e8bfc251311682db5bc4ff99c0b16e59099,0x07b2c8940c704d2a99ac7c5ee95dd39b59f50e6b,0.0,6737,None
DogeX,1,5,2,1,2021-09-26 2:55:19,0x07b2c8940c704d2a99ac7c5ee95dd39b59f50e6b,0x92512e8bfc251311682db5bc4ff99c0b16e59099,0.0,6737,None
DogeX,1,6,9,1,2021-10-18 18:57:09,0x7419dce8536e3719ce4c34b67c39fd1a313cd42e,0xba2b0a5f422beaa9ecb1a1bbdff0edac1f1f725a,0.0669,7718,Opensea
DogeX,1,6,9,1,2021-09-19 18:31:34,0x891866b2286a1279f59bfc7f4fef464235ce3edd,0x7419dce8536e3719ce4c34b67c39fd1a313cd42e,0.0,3970,Opensea
DogeX,1,6,9,1,2021-09-14 2:24:03,0x61f64f6482a0997f96ad93553350fb830b116a62,0x891866b2286a1279f59bfc7f4fef464235ce3edd,0.24,5611,Opensea
DogeX,1,6,9,3,2021-09-14 7:14:21,heff.eth,0x61f64f6482a0997f96ad93553350fb830b116a62,0.0,5395,None
DogeX,1,6,9,3,2021-09-14 7:09:45,heff.eth,0x61f64f6482a0997f96ad93553350fb830b116a62,0.0,4451,None
DogeX,1,6,9,3,2021-09-14 7:03:07,heff.eth,0x61f64f6482a0997f96ad93553350fb830b116a62,0.0,4948,None
DogeX,1,6,9,1,2021-09-09 20:40:45,0xa1469b3ad38ac8a7720475b6abefb05f3d115ae9,heff.eth,0.13,140,Opensea
DogeX,1,6,9,1,2021-09-10 2:01:29,0x1ce67e6c5510525fd85c6dc3a54d58dad3240e6d,0xa1469b3ad38ac8a7720475b6abefb05f3d115ae9,0.0,3747,None
DogeX,1,6,9,1,2021-09-27 0:14:52,0xc271a4d1a8c6478c7932ebe5817f3902f703ea5a,0x1ce67e6c5510525fd85c6dc3a54d58dad3240e6d,0.039,3826,Opensea
DogeX,1,6,9,1,2021-10-19 18:56:11,0x81a006cf4a0e0b4dd646c5f77d46913fa89338b4,0xc271a4d1a8c6478c7932ebe5817f3902f703ea5a,0.06,3154,Opensea
DogeX,1,6,9,2,2021-09-10 21:26:05,0xba2b0a5f422beaa9ecb1a1bbdff0edac1f1f725a,0x81a006cf4a0e0b4dd646c5f77d46913fa89338b4,0.0,3777,None
DogeX,1,6,9,2,2021-09-10 21:23:41,0xba2b0a5f422beaa9ecb1a1bbdff0edac1f1f725a,0x81a006cf4a0e0b4dd646c5f77d46913fa89338b4,0.0,3154,None
DogeX,1,7,2,1,2021-10-17 17:32:22,0xba2b0a5f422beaa9ecb1a1bbdff0edac1f1f725a,0x501aad2fa2e1b111706a146fbca2ed1eed0b01d2,0.0,3166,None
DogeX,1,7,2,1,2021-10-16 17:15:49,0x501aad2fa2e1b111706a146fbca2ed1eed0b01d2,0xba2b0a5f422beaa9ecb1a1bbdff0edac1f1f725a,0.0658,7117,Opensea
DogeX,1,8,2,1,2021-10-17 16:57:12,0xa7a3b9418003071c5d46d6042239d064e80ec6fe,0x501aad2fa2e1b111706a146fbca2ed1eed0b01d2,0.0,5272,None
DogeX,1,8,2,2,2021-10-17 17:20:53,0x501aad2fa2e1b111706a146fbca2ed1eed0b01d2,0xa7a3b9418003071c5d46d6042239d064e80ec6fe,0.0599,7118,Opensea
DogeX,1,8,2,2,2021-10-16 22:43:04,0x501aad2fa2e1b111706a146fbca2ed1eed0b01d2,0xa7a3b9418003071c5d46d6042239d064e80ec6fe,0.067,7121,Opensea
DogeX,1,9,3,1,2021-10-08 5:50:17,0xb1fe0093ccea65ba5c3875c7b61705da4468b817,0x501aad2fa2e1b111706a146fbca2ed1eed0b01d2,0.0,8022,None
DogeX,1,9,3,1,2021-10-06 3:43:57,0x6f20edeb8e9c933cd53a51e460b9b1baaf24d66d,0xb1fe0093ccea65ba5c3875c7b61705da4468b817,0.0,6121,None
DogeX,1,9,3,1,2021-10-25 1:12:50,0x501aad2fa2e1b111706a146fbca2ed1eed0b01d2,0x6f20edeb8e9c933cd53a51e460b9b1baaf24d66d,0.079,7258,Opensea
DogeX,1,10,1,3,2021-10-22 10:04:48,0xf2e264996dd479104a17a7c9a5b4e93e9fc75dbd,0xf2e264996dd479104a17a7c9a5b4e93e9fc75dbd,0.0,8879,None
DogeX,1,10,1,3,2021-10-22 10:04:48,0xf2e264996dd479104a17a7c9a5b4e93e9fc75dbd,0xf2e264996dd479104a17a7c9a5b4e93e9fc75dbd,0.0,8880,None
DogeX,1,10,1,3,2021-10-22 10:04:48,0xf2e264996dd479104a17a7c9a5b4e93e9fc75dbd,0xf2e264996dd479104a17a7c9a5b4e93e9fc75dbd,0.0,9170,None
DogeX,8,1,1,1,2021-09-08 3:26:10,0x1171b81052f111cfdf161bc31c69fc944b45489d,0x1171b81052f111cfdf161bc31c69fc944b45489d,0.0,2899,None
DogeX,19,1,1,1,2021-10-15 20:04:48,0x34c5ae2bc7d02c2218eb8e8fd30723fa2688be2c,0x34c5ae2bc7d02c2218eb8e8fd30723fa2688be2c,0.0,9199,None
DogeX,22,1,1,1,2021-09-14 4:44:09,0x3bde6581a7295ddf77e04da09d711958a032a578,0x3bde6581a7295ddf77e04da09d711958a032a578,0.0,2996,None
DogeX,31,1,1,1,2021-09-27 21:44:55,0x5e66eb9c28056beb7f46a367a1ade727b4bf4c20,0x5e66eb9c28056beb7f46a367a1ade727b4bf4c20,0.0,6953,None
DogeX,36,1,1,1,2021-09-15 18:34:12,0x7312b82f813a842e54224c8ec5d10b2adb779ffc,0x7312b82f813a842e54224c8ec5d10b2adb779ffc,0.0,5059,None
DogeX,54,1,1,1,2021-10-19 5:54:16,0xa78031da6015874f0b606a28bf755b216c4a29b2,0xa78031da6015874f0b606a28bf755b216c4a29b2,0.0,9769,None
DogeX,63,1,1,1,2021-09-14 23:40:47,0xc18866c86cd5ac31e8c6b0b0d00dd9d8d59d2bf4,0xc18866c86cd5ac31e8c6b0b0d00dd9d8d59d2bf4,0.0,5895,None
DogeX,66,1,1,3,2021-10-23 4:10:10,0xca2a83910c0e616ec71669c61c61d502d2634a90,0xca2a83910c0e616ec71669c61c61d502d2634a90,0.0,8438,None
DogeX,66,1,1,3,2021-10-23 4:09:03,0xca2a83910c0e616ec71669c61c61d502d2634a90,0xca2a83910c0e616ec71669c61c61d502d2634a90,0.0,8438,None
DogeX,66,1,1,3,2021-10-23 4:08:03,0xca2a83910c0e616ec71669c61c61d502d2634a90,0xca2a83910c0e616ec71669c61c61d502d2634a90,0.0,6837,None
MetaVillains,1,1,2,1,2021-11-04 3:42:30,0xa1122dee88ffd6a53599431983ef72f44946aa4d,0x89d7653b9d8c3a6024032ea4094b16e24f1b7472,0.0,1838,None
MetaVillains,1,1,2,1,2021-11-04 3:37:44,0x89d7653b9d8c3a6024032ea4094b16e24f1b7472,0xa1122dee88ffd6a53599431983ef72f44946aa4d,0.0,6097,None
MetaVillains,1,2,2,1,2021-11-04 3:27:58,0x10952e294f5e1576a885ca095168348016f7a2ae,0xa1122dee88ffd6a53599431983ef72f44946aa4d,0.0,1651,None
MetaVillains,1,2,2,1,2021-11-04 3:29:26,0xa1122dee88ffd6a53599431983ef72f44946aa4d,0x10952e294f5e1576a885ca095168348016f7a2ae,0.0,1837,None
MetaVillains,58,1,1,1,2021-11-09 19:51:40,0xc8d993af6046f4809d59684b520b1a2f6b7f73b1,0xc8d993af6046f4809d59684b520b1a2f6b7f73b1,0.0,8210,None
The Evolving Forest,1,1,3,3,2021-11-06 19:27:10,0x52cf4644f4f0a4d130b717887a58f9c67de7e445,0x33caa8f6881b20cded1d18578d8194cb62af737b,0.0,6324,None
The Evolving Forest,1,1,3,3,2021-10-31 15:31:10,0x52cf4644f4f0a4d130b717887a58f9c67de7e445,0x33caa8f6881b20cded1d18578d8194cb62af737b,0.0,5706,None
The Evolving Forest,1,1,3,3,2021-10-30 13:57:30,0x52cf4644f4f0a4d130b717887a58f9c67de7e445,0x33caa8f6881b20cded1d18578d8194cb62af737b,0.0,9097,None
The Evolving Forest,1,1,3,1,2021-11-05 17:58:53,0x87f8bb75087a5c9d724eda91bd2977e86e520944,0x52cf4644f4f0a4d130b717887a58f9c67de7e445,0.069,6324,Opensea
The Evolving Forest,1,1,3,4,2021-11-05 0:30:59,0x33caa8f6881b20cded1d18578d8194cb62af737b,0x87f8bb75087a5c9d724eda91bd2977e86e520944,0.0,6324,None
The Evolving Forest,1,1,3,4,2021-11-05 0:30:59,0x33caa8f6881b20cded1d18578d8194cb62af737b,0x87f8bb75087a5c9d724eda91bd2977e86e520944,0.0,3706,None
The Evolving Forest,1,1,3,4,2021-11-05 0:30:59,0x33caa8f6881b20cded1d18578d8194cb62af737b,0x87f8bb75087a5c9d724eda91bd2977e86e520944,0.0,3482,None
The Evolving Forest,1,1,3,4,2021-11-05 0:30:59,0x33caa8f6881b20cded1d18578d8194cb62af737b,0x87f8bb75087a5c9d724eda91bd2977e86e520944,0.0,2056,None
The Evolving Forest,1,2,3,2,2021-11-06 3:34:36,0x269545ec43e4579fff258a93d924c99e89698821,0x33caa8f6881b20cded1d18578d8194cb62af737b,0.0,6013,None
The Evolving Forest,1,2,3,2,2021-11-06 3:34:36,0x269545ec43e4579fff258a93d924c99e89698821,0x33caa8f6881b20cded1d18578d8194cb62af737b,0.0,3482,None
The Evolving Forest,1,2,3,1,2021-11-06 3:04:16,0xbae2a259ee6d1c4e71321d2b7e71e4ad4caaca26,0x269545ec43e4579fff258a93d924c99e89698821,0.069,6013,Opensea
The Evolving Forest,1,2,3,6,2021-11-05 1:05:11,0x33caa8f6881b20cded1d18578d8194cb62af737b,0xbae2a259ee6d1c4e71321d2b7e71e4ad4caaca26,0.0,9080,None
The Evolving Forest,1,2,3,6,2021-11-05 1:05:11,0x33caa8f6881b20cded1d18578d8194cb62af737b,0xbae2a259ee6d1c4e71321d2b7e71e4ad4caaca26,0.0,8801,None
The Evolving Forest,1,2,3,6,2021-11-05 1:05:11,0x33caa8f6881b20cded1d18578d8194cb62af737b,0xbae2a259ee6d1c4e71321d2b7e71e4ad4caaca26,0.0,7321,None
The Evolving Forest,1,2,3,6,2021-11-05 1:05:11,0x33caa8f6881b20cded1d18578d8194cb62af737b,0xbae2a259ee6d1c4e71321d2b7e71e4ad4caaca26,0.0,7319,None
The Evolving Forest,1,2,3,6,2021-11-05 1:05:11,0x33caa8f6881b20cded1d18578d8194cb62af737b,0xbae2a259ee6d1c4e71321d2b7e71e4ad4caaca26,0.0,6013,None
The Evolving Forest,1,2,3,6,2021-11-05 1:05:11,0x33caa8f6881b20cded1d18578d8194cb62af737b,0xbae2a259ee6d1c4e71321d2b7e71e4ad4caaca26,0.0,1729,None
The Evolving Forest,1,3,2,1,2021-10-26 6:23:43,0xa44f1d6be50d6c7a5843ec798dede02bc6131ee9,0x478f25e0856aa133f7f9f68f1dab2505b6ef9bd1,0.0,8098,None
The Evolving Forest,1,3,2,1,2021-10-26 6:26:16,0x478f25e0856aa133f7f9f68f1dab2505b6ef9bd1,0xa44f1d6be50d6c7a5843ec798dede02bc6131ee9,0.0,3493,None
The Evolving Forest,1,4,3,4,2021-11-03 8:45:03,0x139cf8a053c27aebd04c475fe52431dd7138159d,0x33caa8f6881b20cded1d18578d8194cb62af737b,0.0,8264,None
The Evolving Forest,1,4,3,4,2021-11-03 8:45:03,0x139cf8a053c27aebd04c475fe52431dd7138159d,0x33caa8f6881b20cded1d18578d8194cb62af737b,0.0,5618,None
The Evolving Forest,1,4,3,4,2021-11-03 8:45:03,0x139cf8a053c27aebd04c475fe52431dd7138159d,0x33caa8f6881b20cded1d18578d8194cb62af737b,0.0,2224,None
The Evolving Forest,1,4,3,4,2021-11-03 8:45:03,0x139cf8a053c27aebd04c475fe52431dd7138159d,0x33caa8f6881b20cded1d18578d8194cb62af737b,0.0,1676,None
The Evolving Forest,1,4,3,2,2021-11-03 7:47:09,0xeec3692b6958b937ac680d1285e6718def5552c8,0x139cf8a053c27aebd04c475fe52431dd7138159d,0.0679,1676,Opensea
The Evolving Forest,1,4,3,2,2021-11-03 7:37:39,0xeec3692b6958b937ac680d1285e6718def5552c8,0x139cf8a053c27aebd04c475fe52431dd7138159d,0.0679,5618,Opensea
The Evolving Forest,1,4,3,2,2021-11-03 5:29:15,0x33caa8f6881b20cded1d18578d8194cb62af737b,0xeec3692b6958b937ac680d1285e6718def5552c8,0.0,5618,None
The Evolving Forest,1,4,3,2,2021-11-03 5:29:15,0x33caa8f6881b20cded1d18578d8194cb62af737b,0xeec3692b6958b937ac680d1285e6718def5552c8,0.0,1676,None
The Evolving Forest,1,5,1,2,2021-10-31 20:32:10,0x4327c67b80e0909dcbb4a2f139aa5757da2eb78e,0x4327c67b80e0909dcbb4a2f139aa5757da2eb78e,0.0,9237,None
The Evolving Forest,1,5,1,2,2021-10-24 11:44:19,0x4327c67b80e0909dcbb4a2f139aa5757da2eb78e,0x4327c67b80e0909dcbb4a2f139aa5757da2eb78e,0.0,1032,None
The Evolving Forest,1,6,2,1,2021-10-31 5:36:47,0xf1c7d2808a3dfcc542f166456d756e372029aa92,0x42037708525100f238d46b08a8aa25a0923d235c,0.0,2624,None
The Evolving Forest,1,6,2,1,2021-10-31 5:10:44,0x42037708525100f238d46b08a8aa25a0923d235c,0xf1c7d2808a3dfcc542f166456d756e372029aa92,0.0,2624,None
The Evolving Forest,1,7,2,6,2021-10-31 2:29:52,0x9a297e13cebe4f035fb11ee62d02d91b67fcd8ce,0x33caa8f6881b20cded1d18578d8194cb62af737b,0.0,4158,None
The Evolving Forest,1,7,2,6,2021-10-30 13:46:06,0x9a297e13cebe4f035fb11ee62d02d91b67fcd8ce,0x33caa8f6881b20cded1d18578d8194cb62af737b,0.0,639,None
The Evolving Forest,1,7,2,6,2021-10-30 12:35:23,0x9a297e13cebe4f035fb11ee62d02d91b67fcd8ce,0x33caa8f6881b20cded1d18578d8194cb62af737b,0.0,7093,None
The Evolving Forest,1,7,2,6,2021-10-30 12:30:28,0x9a297e13cebe4f035fb11ee62d02d91b67fcd8ce,0x33caa8f6881b20cded1d18578d8194cb62af737b,0.0,1031,None
The Evolving Forest,1,7,2,6,2021-10-30 5:20:24,0x9a297e13cebe4f035fb11ee62d02d91b67fcd8ce,0x33caa8f6881b20cded1d18578d8194cb62af737b,0.0,7093,None
The Evolving Forest,1,7,2,6,2021-10-30 3:07:37,0x9a297e13cebe4f035fb11ee62d02d91b67fcd8ce,0x33caa8f6881b20cded1d18578d8194cb62af737b,0.0,1031,None
The Evolving Forest,1,7,2,2,2021-10-30 12:26:29,0x33caa8f6881b20cded1d18578d8194cb62af737b,0x9a297e13cebe4f035fb11ee62d02d91b67fcd8ce,0.0,7093,None
The Evolving Forest,1,7,2,2,2021-10-30 12:22:27,0x33caa8f6881b20cded1d18578d8194cb62af737b,0x9a297e13cebe4f035fb11ee62d02d91b67fcd8ce,0.0,1031,None
The Evolving Forest,1,8,2,4,2021-10-29 15:42:32,0x68fe061717beb1839113d017bf3c4809cceec6d4,0xd31d930ebaca035ea1be9513c7d989882f19353f,0.0,5434,None
The Evolving Forest,1,8,2,4,2021-10-29 15:40:43,0x68fe061717beb1839113d017bf3c4809cceec6d4,0xd31d930ebaca035ea1be9513c7d989882f19353f,0.0,5577,None
The Evolving Forest,1,8,2,4,2021-10-29 15:39:17,0x68fe061717beb1839113d017bf3c4809cceec6d4,0xd31d930ebaca035ea1be9513c7d989882f19353f,0.0,5977,None
The Evolving Forest,1,8,2,4,2021-10-29 15:36:34,0x68fe061717beb1839113d017bf3c4809cceec6d4,0xd31d930ebaca035ea1be9513c7d989882f19353f,0.0,7775,None
The Evolving Forest,1,8,2,4,2021-10-29 13:05:08,0xd31d930ebaca035ea1be9513c7d989882f19353f,0x68fe061717beb1839113d017bf3c4809cceec6d4,0.0,5434,None
The Evolving Forest,1,8,2,4,2021-10-29 12:46:12,0xd31d930ebaca035ea1be9513c7d989882f19353f,0x68fe061717beb1839113d017bf3c4809cceec6d4,0.0,5577,None
The Evolving Forest,1,8,2,4,2021-10-29 12:40:23,0xd31d930ebaca035ea1be9513c7d989882f19353f,0x68fe061717beb1839113d017bf3c4809cceec6d4,0.0,5977,None
The Evolving Forest,1,8,2,4,2021-10-29 12:35:45,0xd31d930ebaca035ea1be9513c7d989882f19353f,0x68fe061717beb1839113d017bf3c4809cceec6d4,0.0,7775,None
