Txn Hash,Method,Timestamp,From,To,TokenID,Contract Address,value
0x6bc8a92cb4a9ec4b166e52780b31a8e97b5f2b6e3888cb25f279c8ce7f81f76b,Gift Airdrop,,0x9412a59b4d8cffcc65208d7457c6317c18d8f6aa,Null Address: 0x000…000,85200,0x72B12aec69dA93357f2B69aCf33d5B75cF17575B,0.0
0x6bc8a92cb4a9ec4b166e52780b31a8e97b5f2b6e3888cb25f279c8ce7f81f76b,Gift Airdrop,,0x9412a59b4d8cffcc65208d7457c6317c18d8f6aa,Null Address: 0x000…000,85199,0x72B12aec69dA93357f2B69aCf33d5B75cF17575B,0.0
0x6bc8a92cb4a9ec4b166e52780b31a8e97b5f2b6e3888cb25f279c8ce7f81f76b,Gift Airdrop,,an7hony.eth,Null Address: 0x000…000,85198,0x72B12aec69dA93357f2B69aCf33d5B75cF17575B,0.0
0x6bc8a92cb4a9ec4b166e52780b31a8e97b5f2b6e3888cb25f279c8ce7f81f76b,Gift Airdrop,,saxboom.eth,Null Address: 0x000…000,85197,0x72B12aec69dA93357f2B69aCf33d5B75cF17575B,0.0
0x6bc8a92cb4a9ec4b166e52780b31a8e97b5f2b6e3888cb25f279c8ce7f81f76b,Gift Airdrop,,jmb.eth,Null Address: 0x000…000,85196,0x72B12aec69dA93357f2B69aCf33d5B75cF17575B,0.0
0x6bc8a92cb4a9ec4b166e52780b31a8e97b5f2b6e3888cb25f279c8ce7f81f76b,Gift Airdrop,,jmb.eth,Null Address: 0x000…000,85195,0x72B12aec69dA93357f2B69aCf33d5B75cF17575B,0.0
0x6bc8a92cb4a9ec4b166e52780b31a8e97b5f2b6e3888cb25f279c8ce7f81f76b,Gift Airdrop,,0x89629098f8aa338ef793026ab05e2402110c9aef,Null Address: 0x000…000,85194,0x72B12aec69dA93357f2B69aCf33d5B75cF17575B,0.0
0x6bc8a92cb4a9ec4b166e52780b31a8e97b5f2b6e3888cb25f279c8ce7f81f76b,Gift Airdrop,,0x9412a59b4d8cffcc65208d7457c6317c18d8f6aa,Null Address: 0x000…000,85193,0x72B12aec69dA93357f2B69aCf33d5B75cF17575B,0.0
0x6bc8a92cb4a9ec4b166e52780b31a8e97b5f2b6e3888cb25f279c8ce7f81f76b,Gift Airdrop,,dbdbking.eth,Null Address: 0x000…000,85192,0x72B12aec69dA93357f2B69aCf33d5B75cF17575B,0.0
0x6bc8a92cb4a9ec4b166e52780b31a8e97b5f2b6e3888cb25f279c8ce7f81f76b,Gift Airdrop,,0x47886f5343ebbc0678050383ce1caaa40861cce9,Null Address: 0x000…000,85191,0x72B12aec69dA93357f2B69aCf33d5B75cF17575B,0.0
0x6bc8a92cb4a9ec4b166e52780b31a8e97b5f2b6e3888cb25f279c8ce7f81f76b,Gift Airdrop,,jmb.eth,Null Address: 0x000…000,85190,0x72B12aec69dA93357f2B69aCf33d5B75cF17575B,0.0
0x6bc8a92cb4a9ec4b166e52780b31a8e97b5f2b6e3888cb25f279c8ce7f81f76b,Gift Airdrop,,jmb.eth,Null Address: 0x000…000,85189,0x72B12aec69dA93357f2B69aCf33d5B75cF17575B,0.0
0x6bc8a92cb4a9ec4b166e52780b31a8e97b5f2b6e3888cb25f279c8ce7f81f76b,Gift Airdrop,,0xedf156b2d2708b92f36cdb08c35228f6e625ba80,Null Address: 0x000…000,85188,0x72B12aec69dA93357f2B69aCf33d5B75cF17575B,0.0
0x6bc8a92cb4a9ec4b166e52780b31a8e97b5f2b6e3888cb25f279c8ce7f81f76b,Gift Airdrop,,jmb.eth,Null Address: 0x000…000,85187,0x72B12aec69dA93357f2B69aCf33d5B75cF17575B,0.0
0x6bc8a92cb4a9ec4b166e52780b31a8e97b5f2b6e3888cb25f279c8ce7f81f76b,Gift Airdrop,,jmb.eth,Null Address: 0x000…000,85186,0x72B12aec69dA93357f2B69aCf33d5B75cF17575B,0.0
0x6bc8a92cb4a9ec4b166e52780b31a8e97b5f2b6e3888cb25f279c8ce7f81f76b,Gift Airdrop,,jmb.eth,Null Address: 0x000…000,85185,0x72B12aec69dA93357f2B69aCf33d5B75cF17575B,0.0
0x6bc8a92cb4a9ec4b166e52780b31a8e97b5f2b6e3888cb25f279c8ce7f81f76b,Gift Airdrop,,0x9a1fea162e70e1743c04094d6a09d2714cf94245,Null Address: 0x000…000,85184,0x72B12aec69dA93357f2B69aCf33d5B75cF17575B,0.0
0x6bc8a92cb4a9ec4b166e52780b31a8e97b5f2b6e3888cb25f279c8ce7f81f76b,Gift Airdrop,,0xe7e9ea373f253e71d12f6896785777a6a55189f4,Null Address: 0x000…000,85183,0x72B12aec69dA93357f2B69aCf33d5B75cF17575B,0.0
0x6bc8a92cb4a9ec4b166e52780b31a8e97b5f2b6e3888cb25f279c8ce7f81f76b,Gift Airdrop,,0x1a205fa14dbbca44be329caf9b6d19067dc44c81,Null Address: 0x000…000,85182,0x72B12aec69dA93357f2B69aCf33d5B75cF17575B,0.0
0x6bc8a92cb4a9ec4b166e52780b31a8e97b5f2b6e3888cb25f279c8ce7f81f76b,Gift Airdrop,,cryptoanimal.eth,Null Address: 0x000…000,85181,0x72B12aec69dA93357f2B69aCf33d5B75cF17575B,0.0
0x6bc8a92cb4a9ec4b166e52780b31a8e97b5f2b6e3888cb25f279c8ce7f81f76b,Gift Airdrop,,osdegen.eth,Null Address: 0x000…000,85180,0x72B12aec69dA93357f2B69aCf33d5B75cF17575B,0.0
0x6bc8a92cb4a9ec4b166e52780b31a8e97b5f2b6e3888cb25f279c8ce7f81f76b,Gift Airdrop,,0x584d24c3e328dbb3d754f27ba40aa3e937c1084e,Null Address: 0x000…000,85179,0x72B12aec69dA93357f2B69aCf33d5B75cF17575B,0.0
0x6bc8a92cb4a9ec4b166e52780b31a8e97b5f2b6e3888cb25f279c8ce7f81f76b,Gift Airdrop,,0xc4def4dcb2e1a21651073651587da38c36886db7,Null Address: 0x000…000,85178,0x72B12aec69dA93357f2B69aCf33d5B75cF17575B,0.0
0x6bc8a92cb4a9ec4b166e52780b31a8e97b5f2b6e3888cb25f279c8ce7f81f76b,Gift Airdrop,,0xd8e273f24e99dc96225719c2627cae2b47ea8c47,Null Address: 0x000…000,85177,0x72B12aec69dA93357f2B69aCf33d5B75cF17575B,0.0
0x6bc8a92cb4a9ec4b166e52780b31a8e97b5f2b6e3888cb25f279c8ce7f81f76b,Gift Airdrop,,0xd24a5b3a49ec2ed0dace25f1debed07e340befc9,Null Address: 0x000…000,85176,0x72B12aec69dA93357f2B69aCf33d5B75cF17575B,0.0
