Txn Hash,Timestamp,From,To,TokenID,Token_Name,Contract_Address,Value
0x44a2757faebd23d3d4f7f93ca16dd8e929f7fc9bb1e64814948b1a054e7bf77a,"(May 15, 2022 22:46:09 / UTC+9)",0xa5116610b96a189e3c310ecb717523cdf3c497b4,0x2a58ecd7f941313b3723da9392815ee6acfdb5aa,1137,Robot Taekwon V,0x41cff281b578f4cf45515d6e4efd535e47e76efd,"1,100.00"
0xf44aa0e68a51fe21c66995332025a1ca18f3cef124428982c26af311fe68f5b3,"(May 15, 2022 22:45:44 / UTC+9)",0xa5116610b96a189e3c310ecb717523cdf3c497b4,0x2a58ecd7f941313b3723da9392815ee6acfdb5aa,1133,Robot Taekwon V,0x41cff281b578f4cf45515d6e4efd535e47e76efd,95
0x126177094906465dbb2fe4ba2e538452d7862f84c34f3a5edf8cebab41e466b8,"(May 15, 2022 22:45:08 / UTC+9)",0x706d22ab2208cc26610f3a4660dffb8b38dc6741,0xfae49d91435985693ab9cd4b4a29ba62b210ca06,1128,SE7EN_MOOD_PET,0x41cff281b578f4cf45515d6e4efd535e47e76efd,9
0xab56ea5525919775c1853bd3a3af04062f31e0b79b02dab6bff7814820e3cc06,"(May 15, 2022 22:44:59 / UTC+9)",0xa5116610b96a189e3c310ecb717523cdf3c497b4,0x2a58ecd7f941313b3723da9392815ee6acfdb5aa,1141,Robot Taekwon V,0x41cff281b578f4cf45515d6e4efd535e47e76efd,95
0x4bd57825a4dd06db273a9c49710b6276ae1d6a4f447bb51fc5035df59f994b65,"(May 15, 2022 22:44:40 / UTC+9)",0xe3d6c6b81fcf4b8b49e921252839c7988c9fb294,0x53f7a96ec7c9e6f1f2af640a6b305cbb456d2e09,4696,Klay 3 Kingdoms Drop,0x41cff281b578f4cf45515d6e4efd535e47e76efd,47
0xafaf7722714304347911c17aeff8256fc5fb6d9765a8c557d0d935c9ea5b552b,"(May 15, 2022 22:44:38 / UTC+9)",0x706d22ab2208cc26610f3a4660dffb8b38dc6741,0xfae49d91435985693ab9cd4b4a29ba62b210ca06,907,SE7EN_MOOD_PET,0x41cff281b578f4cf45515d6e4efd535e47e76efd,9
0x0f8bafe65d33138f9cf80831d107a08fef5f132cb15ee66e44bd0236f6adfe7f,"(May 15, 2022 22:44:32 / UTC+9)",0x9c2844663e825baefd22141512275db8c2a04d59,0x67852a38b531ba5dee37d36d33169f97a5608b32,19280,G RILLA,0x41cff281b578f4cf45515d6e4efd535e47e76efd,"1,100.00"
0x3b115cf3964a59082e7631397d2275ed65cbc0f85cabe4d4d9fa67bdd8e59790,"(May 15, 2022 22:44:14 / UTC+9)",0x706d22ab2208cc26610f3a4660dffb8b38dc6741,0xfae49d91435985693ab9cd4b4a29ba62b210ca06,842,SE7EN_MOOD_PET,0x41cff281b578f4cf45515d6e4efd535e47e76efd,9
0xfb234ebbd895179c0f4dc95ec4dfde0d3aff96e7fcb631f68c1ee870a82accf2,"(May 15, 2022 22:43:59 / UTC+9)",0xd1fda166860816ab462f2f1acfa6383d0531ed6b,0xecbc34082f83cfee873761c709db904f2203c20a,897,DOGESOUNDCLUB MATES,0x41cff281b578f4cf45515d6e4efd535e47e76efd,385
0x2e3faf8c856fcac64b9d28538e5fbfdd5bf451d9f00de1626d4765888913dd0b,"(May 15, 2022 22:43:39 / UTC+9)",0x706d22ab2208cc26610f3a4660dffb8b38dc6741,0xfae49d91435985693ab9cd4b4a29ba62b210ca06,711,SE7EN_MOOD_PET,0x41cff281b578f4cf45515d6e4efd535e47e76efd,9
0x0d97bcb6bde903e7f51a1c87194a0511acdb1a9cd060b471164381cc8e47fed7,"(May 15, 2022 22:43:04 / UTC+9)",0x706d22ab2208cc26610f3a4660dffb8b38dc6741,0xfae49d91435985693ab9cd4b4a29ba62b210ca06,825,SE7EN_MOOD_PET,0x41cff281b578f4cf45515d6e4efd535e47e76efd,9
0x9e0fcbde60857e4e66eab7f360eb8da4dbee125ca8958326061aa9ad3ca3d9f6,"(May 15, 2022 22:42:33 / UTC+9)",0x706d22ab2208cc26610f3a4660dffb8b38dc6741,0xfae49d91435985693ab9cd4b4a29ba62b210ca06,693,SE7EN_MOOD_PET,0x41cff281b578f4cf45515d6e4efd535e47e76efd,9
0x5740fc84f439431c002f6953a8b132c82e4ed2f3c1893d2b24768fd4424f95e5,"(May 15, 2022 22:42:32 / UTC+9)",0xb6e45d39282486c0a7545b7dabeda7892d2a2c75,0xbd9989a10e0e76fcd3d315c2c4e0887641991592,279017,SheepFarm,0x41cff281b578f4cf45515d6e4efd535e47e76efd,450
0xe2b6accbe27552c95a0288047637238e37ae46f675b806a78e570675ef181b85,"(May 15, 2022 22:42:29 / UTC+9)",0x5d7e3eac0a4526f9243c9f748ae1ffe08ae900fd,0xbc94b146d82724d041d2b4392c483e156e91f830,3234044380,0xe3e042618bf73748a4f8f45dbe239092a6f7261e,0x41cff281b578f4cf45515d6e4efd535e47e76efd,9
0xe5cb4b15ebdc41ec1377be6bc212105cd20501e7ded34dd8dbcb64efebd19b66,"(May 15, 2022 22:42:23 / UTC+9)",0xafc555464d4967d76db1d1cd76d35ec1cb5d0f45,0xee8df3519d14778476be9f3bf4a695e20e653afc,404,LMC Koonta,0x41cff281b578f4cf45515d6e4efd535e47e76efd,219
0xe1b68138a4ca18604c948936cc8125d1c3284c6c2b6a61b9d3248975b2bef43a,"(May 15, 2022 22:42:07 / UTC+9)",0xe3d6c6b81fcf4b8b49e921252839c7988c9fb294,0x53f7a96ec7c9e6f1f2af640a6b305cbb456d2e09,2745,Klay 3 Kingdoms Drop,0x41cff281b578f4cf45515d6e4efd535e47e76efd,19
0xe81ce634796b1c0ce8b16935f5a70fb3ee96f5f4829a298fc16cdfca11e74ba7,"(May 15, 2022 22:40:23 / UTC+9)",0x5c1a2eb39f821b835aa340b19fb4c2e5971d833b,0xc3c472e299d61d34a3fcbc3ee3de4006fc29133d,486,Klay 3 Kingoms Land,0x41cff281b578f4cf45515d6e4efd535e47e76efd,720
0x48688254c767858402cc4436ecf66ba0d204e5a42a8ad4d7da6aa362299a8f29,"(May 15, 2022 22:40:16 / UTC+9)",0x7fd96c37dbc2ab6bafad5f93bf3669a70588d126,0x42c643f93fba9aa426aab1e2d0f68903b45113fd,4135,Oi Sunnies,0x41cff281b578f4cf45515d6e4efd535e47e76efd,19
0x0b28da48194df73cd47f762b7f9af8ca5a313c5a7859498cfcc5de274b296601,"(May 15, 2022 22:40:10 / UTC+9)",0x9b037d59fd33cd0e85d088cac705d2947eb4acb3,0x34c885f85cace90c505c4bd982fd962aefd7f546,4343,THE VOGONYANGS,0x41cff281b578f4cf45515d6e4efd535e47e76efd,300
0x22daf9be9c3c7228ecc1064ebe77033424ed70567d0c35d800b50b5cfd9e4c9c,"(May 15, 2022 22:39:31 / UTC+9)",0xe3d6c6b81fcf4b8b49e921252839c7988c9fb294,0x866733dd485fe52e7056c7513a88db8e47da033e,2410,Klay 3 Kingdoms Drop,0x41cff281b578f4cf45515d6e4efd535e47e76efd,13
0x77735aad67c35bb4489cc3a9ea48fe34ea47f65fe846f70d44beff7413454c47,"(May 15, 2022 22:39:10 / UTC+9)",0x4ebead76d1f0e9c86117cc40a47898b978ba9c11,0x239916ca0b9e40022ede28345ab7c33e5f7bc144,17889,Cat Town Punks,0x41cff281b578f4cf45515d6e4efd535e47e76efd,10
0xef5e0cbdd88339ecefc750b0edf21334b254472dd4a8862224d1128cb5a56a53,"(May 15, 2022 22:39:04 / UTC+9)",0xd1fda166860816ab462f2f1acfa6383d0531ed6b,0xce8d15f5f75e7d6ecc5a49752a3dc140acafd4df,3537,Clones Never Die Mu,0x41cff281b578f4cf45515d6e4efd535e47e76efd,30
0xc9f443e61fcf10eb24e7a3a5722533bd9572cd332a656cf0234b572ddb04685a,"(May 15, 2022 22:39:00 / UTC+9)",0x8e6cb9ed2f4845e46ad25f8f2a10c098146c90d5,0x064efe12eb5754110a190031e3df2a6f1068a187,2020,KiriCON-V0,0x41cff281b578f4cf45515d6e4efd535e47e76efd,15.9
0xd6eb425486965db9b01a3c63b15e95a1c53e38e11c7b12da2949397907a727a9,"(May 15, 2022 22:38:23 / UTC+9)",0xf368cc371c123af3c07d6b157ce351d223a54b41,0xa47434b0a5993b83f6af95986ad907536258c5ac,369,CAZI,0x41cff281b578f4cf45515d6e4efd535e47e76efd,220
0x7be8319117fa67f02b3b4f3ea7cbe05fde583e10d80f266b49840ab06eb6c284,"(May 15, 2022 22:38:06 / UTC+9)",0x4ebead76d1f0e9c86117cc40a47898b978ba9c11,0x239916ca0b9e40022ede28345ab7c33e5f7bc144,1981,Cat Town Punks,0x41cff281b578f4cf45515d6e4efd535e47e76efd,10
0x44a2757faebd23d3d4f7f93ca16dd8e929f7fc9bb1e64814948b1a054e7bf77a,"(May 15, 2022 22:46:09 / UTC+9)",0xa5116610b96a189e3c310ecb717523cdf3c497b4,0x2a58ecd7f941313b3723da9392815ee6acfdb5aa,1137,Robot Taekwon V,0x41cff281b578f4cf45515d6e4efd535e47e76efd,95
0xf44aa0e68a51fe21c66995332025a1ca18f3cef124428982c26af311fe68f5b3,"(May 15, 2022 22:45:44 / UTC+9)",0xa5116610b96a189e3c310ecb717523cdf3c497b4,0x2a58ecd7f941313b3723da9392815ee6acfdb5aa,1133,Robot Taekwon V,0x41cff281b578f4cf45515d6e4efd535e47e76efd,95
0x126177094906465dbb2fe4ba2e538452d7862f84c34f3a5edf8cebab41e466b8,"(May 15, 2022 22:45:08 / UTC+9)",0x706d22ab2208cc26610f3a4660dffb8b38dc6741,0xfae49d91435985693ab9cd4b4a29ba62b210ca06,1128,SE7EN_MOOD_PET,0x41cff281b578f4cf45515d6e4efd535e47e76efd,9
0xab56ea5525919775c1853bd3a3af04062f31e0b79b02dab6bff7814820e3cc06,"(May 15, 2022 22:44:59 / UTC+9)",0xa5116610b96a189e3c310ecb717523cdf3c497b4,0x2a58ecd7f941313b3723da9392815ee6acfdb5aa,1141,Robot Taekwon V,0x41cff281b578f4cf45515d6e4efd535e47e76efd,95
0x4bd57825a4dd06db273a9c49710b6276ae1d6a4f447bb51fc5035df59f994b65,"(May 15, 2022 22:44:40 / UTC+9)",0xe3d6c6b81fcf4b8b49e921252839c7988c9fb294,0x53f7a96ec7c9e6f1f2af640a6b305cbb456d2e09,4696,Klay 3 Kingdoms Drop,0x41cff281b578f4cf45515d6e4efd535e47e76efd,47
0xafaf7722714304347911c17aeff8256fc5fb6d9765a8c557d0d935c9ea5b552b,"(May 15, 2022 22:44:38 / UTC+9)",0x706d22ab2208cc26610f3a4660dffb8b38dc6741,0xfae49d91435985693ab9cd4b4a29ba62b210ca06,907,SE7EN_MOOD_PET,0x41cff281b578f4cf45515d6e4efd535e47e76efd,9
0x0f8bafe65d33138f9cf80831d107a08fef5f132cb15ee66e44bd0236f6adfe7f,"(May 15, 2022 22:44:32 / UTC+9)",0x9c2844663e825baefd22141512275db8c2a04d59,0x67852a38b531ba5dee37d36d33169f97a5608b32,19280,G RILLA,0x41cff281b578f4cf45515d6e4efd535e47e76efd,"1,100.00"
0x3b115cf3964a59082e7631397d2275ed65cbc0f85cabe4d4d9fa67bdd8e59790,"(May 15, 2022 22:44:14 / UTC+9)",0x706d22ab2208cc26610f3a4660dffb8b38dc6741,0xfae49d91435985693ab9cd4b4a29ba62b210ca06,842,SE7EN_MOOD_PET,0x41cff281b578f4cf45515d6e4efd535e47e76efd,9
0xfb234ebbd895179c0f4dc95ec4dfde0d3aff96e7fcb631f68c1ee870a82accf2,"(May 15, 2022 22:43:59 / UTC+9)",0xd1fda166860816ab462f2f1acfa6383d0531ed6b,0xecbc34082f83cfee873761c709db904f2203c20a,897,DOGESOUNDCLUB MATES,0x41cff281b578f4cf45515d6e4efd535e47e76efd,385
0x2e3faf8c856fcac64b9d28538e5fbfdd5bf451d9f00de1626d4765888913dd0b,"(May 15, 2022 22:43:39 / UTC+9)",0x706d22ab2208cc26610f3a4660dffb8b38dc6741,0xfae49d91435985693ab9cd4b4a29ba62b210ca06,711,SE7EN_MOOD_PET,0x41cff281b578f4cf45515d6e4efd535e47e76efd,9
0x0d97bcb6bde903e7f51a1c87194a0511acdb1a9cd060b471164381cc8e47fed7,"(May 15, 2022 22:43:04 / UTC+9)",0x706d22ab2208cc26610f3a4660dffb8b38dc6741,0xfae49d91435985693ab9cd4b4a29ba62b210ca06,825,SE7EN_MOOD_PET,0x41cff281b578f4cf45515d6e4efd535e47e76efd,9
0x9e0fcbde60857e4e66eab7f360eb8da4dbee125ca8958326061aa9ad3ca3d9f6,"(May 15, 2022 22:42:33 / UTC+9)",0x706d22ab2208cc26610f3a4660dffb8b38dc6741,0xfae49d91435985693ab9cd4b4a29ba62b210ca06,693,SE7EN_MOOD_PET,0x41cff281b578f4cf45515d6e4efd535e47e76efd,9
0x5740fc84f439431c002f6953a8b132c82e4ed2f3c1893d2b24768fd4424f95e5,"(May 15, 2022 22:42:32 / UTC+9)",0xb6e45d39282486c0a7545b7dabeda7892d2a2c75,0xbd9989a10e0e76fcd3d315c2c4e0887641991592,279017,SheepFarm,0x41cff281b578f4cf45515d6e4efd535e47e76efd,450
0xe2b6accbe27552c95a0288047637238e37ae46f675b806a78e570675ef181b85,"(May 15, 2022 22:42:29 / UTC+9)",0x5d7e3eac0a4526f9243c9f748ae1ffe08ae900fd,0xbc94b146d82724d041d2b4392c483e156e91f830,3234044380,0xe3e042618bf73748a4f8f45dbe239092a6f7261e,0x41cff281b578f4cf45515d6e4efd535e47e76efd,9
0xe5cb4b15ebdc41ec1377be6bc212105cd20501e7ded34dd8dbcb64efebd19b66,"(May 15, 2022 22:42:23 / UTC+9)",0xafc555464d4967d76db1d1cd76d35ec1cb5d0f45,0xee8df3519d14778476be9f3bf4a695e20e653afc,404,LMC Koonta,0x41cff281b578f4cf45515d6e4efd535e47e76efd,219
0xe1b68138a4ca18604c948936cc8125d1c3284c6c2b6a61b9d3248975b2bef43a,"(May 15, 2022 22:42:07 / UTC+9)",0xe3d6c6b81fcf4b8b49e921252839c7988c9fb294,0x53f7a96ec7c9e6f1f2af640a6b305cbb456d2e09,2745,Klay 3 Kingdoms Drop,0x41cff281b578f4cf45515d6e4efd535e47e76efd,19
0xe81ce634796b1c0ce8b16935f5a70fb3ee96f5f4829a298fc16cdfca11e74ba7,"(May 15, 2022 22:40:23 / UTC+9)",0x5c1a2eb39f821b835aa340b19fb4c2e5971d833b,0xc3c472e299d61d34a3fcbc3ee3de4006fc29133d,486,Klay 3 Kingoms Land,0x41cff281b578f4cf45515d6e4efd535e47e76efd,720
0x48688254c767858402cc4436ecf66ba0d204e5a42a8ad4d7da6aa362299a8f29,"(May 15, 2022 22:40:16 / UTC+9)",0x7fd96c37dbc2ab6bafad5f93bf3669a70588d126,0x42c643f93fba9aa426aab1e2d0f68903b45113fd,4135,Oi Sunnies,0x41cff281b578f4cf45515d6e4efd535e47e76efd,19
0x0b28da48194df73cd47f762b7f9af8ca5a313c5a7859498cfcc5de274b296601,"(May 15, 2022 22:40:10 / UTC+9)",0x9b037d59fd33cd0e85d088cac705d2947eb4acb3,0x34c885f85cace90c505c4bd982fd962aefd7f546,4343,THE VOGONYANGS,0x41cff281b578f4cf45515d6e4efd535e47e76efd,300
0x22daf9be9c3c7228ecc1064ebe77033424ed70567d0c35d800b50b5cfd9e4c9c,"(May 15, 2022 22:39:31 / UTC+9)",0xe3d6c6b81fcf4b8b49e921252839c7988c9fb294,0x866733dd485fe52e7056c7513a88db8e47da033e,2410,Klay 3 Kingdoms Drop,0x41cff281b578f4cf45515d6e4efd535e47e76efd,13
0x77735aad67c35bb4489cc3a9ea48fe34ea47f65fe846f70d44beff7413454c47,"(May 15, 2022 22:39:10 / UTC+9)",0x4ebead76d1f0e9c86117cc40a47898b978ba9c11,0x239916ca0b9e40022ede28345ab7c33e5f7bc144,17889,Cat Town Punks,0x41cff281b578f4cf45515d6e4efd535e47e76efd,10
0xef5e0cbdd88339ecefc750b0edf21334b254472dd4a8862224d1128cb5a56a53,"(May 15, 2022 22:39:04 / UTC+9)",0xd1fda166860816ab462f2f1acfa6383d0531ed6b,0xce8d15f5f75e7d6ecc5a49752a3dc140acafd4df,3537,Clones Never Die Mu,0x41cff281b578f4cf45515d6e4efd535e47e76efd,30
0xc9f443e61fcf10eb24e7a3a5722533bd9572cd332a656cf0234b572ddb04685a,"(May 15, 2022 22:39:00 / UTC+9)",0x8e6cb9ed2f4845e46ad25f8f2a10c098146c90d5,0x064efe12eb5754110a190031e3df2a6f1068a187,2020,KiriCON-V0,0x41cff281b578f4cf45515d6e4efd535e47e76efd,15.9
0xd6eb425486965db9b01a3c63b15e95a1c53e38e11c7b12da2949397907a727a9,"(May 15, 2022 22:38:23 / UTC+9)",0xf368cc371c123af3c07d6b157ce351d223a54b41,0xa47434b0a5993b83f6af95986ad907536258c5ac,369,CAZI,0x41cff281b578f4cf45515d6e4efd535e47e76efd,220
0x7be8319117fa67f02b3b4f3ea7cbe05fde583e10d80f266b49840ab06eb6c284,"(May 15, 2022 22:38:06 / UTC+9)",0x4ebead76d1f0e9c86117cc40a47898b978ba9c11,0x239916ca0b9e40022ede28345ab7c33e5f7bc144,1981,Cat Town Punks,0x41cff281b578f4cf45515d6e4efd535e47e76efd,10
0xaa0bf698aded844921bafe891a231376aa44bf9758de0f8745cbee0ad43940e3,"(May 15, 2022 22:47:31 / UTC+9)",0xa5116610b96a189e3c310ecb717523cdf3c497b4,0x2a58ecd7f941313b3723da9392815ee6acfdb5aa,1135,Robot Taekwon V,0x41cff281b578f4cf45515d6e4efd535e47e76efd,95
0xe0f14ed5d604e373858bf19a5bd25a4130b2f6d0ea700d3c58e3ec2b9091f9d5,"(May 15, 2022 22:47:30 / UTC+9)",0x9b037d59fd33cd0e85d088cac705d2947eb4acb3,0x28b20c9e46c79d8ce93103978e22d349186b1b94,647,THE VOGONYANGS,0x41cff281b578f4cf45515d6e4efd535e47e76efd,295
0xb0e75c05d3d12a082998d241ede44f5c1b3cf46622df03a3c7fc899712eeb9fe,"(May 15, 2022 22:47:16 / UTC+9)",0xe9d956875dafde0140018ac1148998947e1819bb,0xec9e497e6bf942ec338574e04f7596a176e44bc8,513,Klay 3 Kingoms Land,0x41cff281b578f4cf45515d6e4efd535e47e76efd,700
0xfad25be983388f31d1861440e173bacc6daa8390e3e30528223aa18d3b50b744,"(May 15, 2022 22:46:57 / UTC+9)",0xa5116610b96a189e3c310ecb717523cdf3c497b4,0x2a58ecd7f941313b3723da9392815ee6acfdb5aa,1131,Robot Taekwon V,0x41cff281b578f4cf45515d6e4efd535e47e76efd,95
0x44a2757faebd23d3d4f7f93ca16dd8e929f7fc9bb1e64814948b1a054e7bf77a,"(May 15, 2022 22:46:09 / UTC+9)",0xa5116610b96a189e3c310ecb717523cdf3c497b4,0x2a58ecd7f941313b3723da9392815ee6acfdb5aa,1137,Robot Taekwon V,0x41cff281b578f4cf45515d6e4efd535e47e76efd,95
0xf44aa0e68a51fe21c66995332025a1ca18f3cef124428982c26af311fe68f5b3,"(May 15, 2022 22:45:44 / UTC+9)",0xa5116610b96a189e3c310ecb717523cdf3c497b4,0x2a58ecd7f941313b3723da9392815ee6acfdb5aa,1133,Robot Taekwon V,0x41cff281b578f4cf45515d6e4efd535e47e76efd,95
0x126177094906465dbb2fe4ba2e538452d7862f84c34f3a5edf8cebab41e466b8,"(May 15, 2022 22:45:08 / UTC+9)",0x706d22ab2208cc26610f3a4660dffb8b38dc6741,0xfae49d91435985693ab9cd4b4a29ba62b210ca06,1128,SE7EN_MOOD_PET,0x41cff281b578f4cf45515d6e4efd535e47e76efd,9
0xab56ea5525919775c1853bd3a3af04062f31e0b79b02dab6bff7814820e3cc06,"(May 15, 2022 22:44:59 / UTC+9)",0xa5116610b96a189e3c310ecb717523cdf3c497b4,0x2a58ecd7f941313b3723da9392815ee6acfdb5aa,1141,Robot Taekwon V,0x41cff281b578f4cf45515d6e4efd535e47e76efd,95
0x4bd57825a4dd06db273a9c49710b6276ae1d6a4f447bb51fc5035df59f994b65,"(May 15, 2022 22:44:40 / UTC+9)",0xe3d6c6b81fcf4b8b49e921252839c7988c9fb294,0x53f7a96ec7c9e6f1f2af640a6b305cbb456d2e09,4696,Klay 3 Kingdoms Drop,0x41cff281b578f4cf45515d6e4efd535e47e76efd,47
0xafaf7722714304347911c17aeff8256fc5fb6d9765a8c557d0d935c9ea5b552b,"(May 15, 2022 22:44:38 / UTC+9)",0x706d22ab2208cc26610f3a4660dffb8b38dc6741,0xfae49d91435985693ab9cd4b4a29ba62b210ca06,907,SE7EN_MOOD_PET,0x41cff281b578f4cf45515d6e4efd535e47e76efd,9
0x0f8bafe65d33138f9cf80831d107a08fef5f132cb15ee66e44bd0236f6adfe7f,"(May 15, 2022 22:44:32 / UTC+9)",0x9c2844663e825baefd22141512275db8c2a04d59,0x67852a38b531ba5dee37d36d33169f97a5608b32,19280,G RILLA,0x41cff281b578f4cf45515d6e4efd535e47e76efd,"1,100.00"
0x3b115cf3964a59082e7631397d2275ed65cbc0f85cabe4d4d9fa67bdd8e59790,"(May 15, 2022 22:44:14 / UTC+9)",0x706d22ab2208cc26610f3a4660dffb8b38dc6741,0xfae49d91435985693ab9cd4b4a29ba62b210ca06,842,SE7EN_MOOD_PET,0x41cff281b578f4cf45515d6e4efd535e47e76efd,9
0xfb234ebbd895179c0f4dc95ec4dfde0d3aff96e7fcb631f68c1ee870a82accf2,"(May 15, 2022 22:43:59 / UTC+9)",0xd1fda166860816ab462f2f1acfa6383d0531ed6b,0xecbc34082f83cfee873761c709db904f2203c20a,897,DOGESOUNDCLUB MATES,0x41cff281b578f4cf45515d6e4efd535e47e76efd,385
0x2e3faf8c856fcac64b9d28538e5fbfdd5bf451d9f00de1626d4765888913dd0b,"(May 15, 2022 22:43:39 / UTC+9)",0x706d22ab2208cc26610f3a4660dffb8b38dc6741,0xfae49d91435985693ab9cd4b4a29ba62b210ca06,711,SE7EN_MOOD_PET,0x41cff281b578f4cf45515d6e4efd535e47e76efd,9
0x0d97bcb6bde903e7f51a1c87194a0511acdb1a9cd060b471164381cc8e47fed7,"(May 15, 2022 22:43:04 / UTC+9)",0x706d22ab2208cc26610f3a4660dffb8b38dc6741,0xfae49d91435985693ab9cd4b4a29ba62b210ca06,825,SE7EN_MOOD_PET,0x41cff281b578f4cf45515d6e4efd535e47e76efd,9
0x9e0fcbde60857e4e66eab7f360eb8da4dbee125ca8958326061aa9ad3ca3d9f6,"(May 15, 2022 22:42:33 / UTC+9)",0x706d22ab2208cc26610f3a4660dffb8b38dc6741,0xfae49d91435985693ab9cd4b4a29ba62b210ca06,693,SE7EN_MOOD_PET,0x41cff281b578f4cf45515d6e4efd535e47e76efd,9
0x5740fc84f439431c002f6953a8b132c82e4ed2f3c1893d2b24768fd4424f95e5,"(May 15, 2022 22:42:32 / UTC+9)",0xb6e45d39282486c0a7545b7dabeda7892d2a2c75,0xbd9989a10e0e76fcd3d315c2c4e0887641991592,279017,SheepFarm,0x41cff281b578f4cf45515d6e4efd535e47e76efd,450
0xe2b6accbe27552c95a0288047637238e37ae46f675b806a78e570675ef181b85,"(May 15, 2022 22:42:29 / UTC+9)",0x5d7e3eac0a4526f9243c9f748ae1ffe08ae900fd,0xbc94b146d82724d041d2b4392c483e156e91f830,3234044380,0xe3e042618bf73748a4f8f45dbe239092a6f7261e,0x41cff281b578f4cf45515d6e4efd535e47e76efd,9
0xe5cb4b15ebdc41ec1377be6bc212105cd20501e7ded34dd8dbcb64efebd19b66,"(May 15, 2022 22:42:23 / UTC+9)",0xafc555464d4967d76db1d1cd76d35ec1cb5d0f45,0xee8df3519d14778476be9f3bf4a695e20e653afc,404,LMC Koonta,0x41cff281b578f4cf45515d6e4efd535e47e76efd,219
0xe1b68138a4ca18604c948936cc8125d1c3284c6c2b6a61b9d3248975b2bef43a,"(May 15, 2022 22:42:07 / UTC+9)",0xe3d6c6b81fcf4b8b49e921252839c7988c9fb294,0x53f7a96ec7c9e6f1f2af640a6b305cbb456d2e09,2745,Klay 3 Kingdoms Drop,0x41cff281b578f4cf45515d6e4efd535e47e76efd,19
0xe81ce634796b1c0ce8b16935f5a70fb3ee96f5f4829a298fc16cdfca11e74ba7,"(May 15, 2022 22:40:23 / UTC+9)",0x5c1a2eb39f821b835aa340b19fb4c2e5971d833b,0xc3c472e299d61d34a3fcbc3ee3de4006fc29133d,486,Klay 3 Kingoms Land,0x41cff281b578f4cf45515d6e4efd535e47e76efd,720
0x48688254c767858402cc4436ecf66ba0d204e5a42a8ad4d7da6aa362299a8f29,"(May 15, 2022 22:40:16 / UTC+9)",0x7fd96c37dbc2ab6bafad5f93bf3669a70588d126,0x42c643f93fba9aa426aab1e2d0f68903b45113fd,4135,Oi Sunnies,0x41cff281b578f4cf45515d6e4efd535e47e76efd,19
0x0b28da48194df73cd47f762b7f9af8ca5a313c5a7859498cfcc5de274b296601,"(May 15, 2022 22:40:10 / UTC+9)",0x9b037d59fd33cd0e85d088cac705d2947eb4acb3,0x34c885f85cace90c505c4bd982fd962aefd7f546,4343,THE VOGONYANGS,0x41cff281b578f4cf45515d6e4efd535e47e76efd,300
0x22daf9be9c3c7228ecc1064ebe77033424ed70567d0c35d800b50b5cfd9e4c9c,"(May 15, 2022 22:39:31 / UTC+9)",0xe3d6c6b81fcf4b8b49e921252839c7988c9fb294,0x866733dd485fe52e7056c7513a88db8e47da033e,2410,Klay 3 Kingdoms Drop,0x41cff281b578f4cf45515d6e4efd535e47e76efd,13
0x77735aad67c35bb4489cc3a9ea48fe34ea47f65fe846f70d44beff7413454c47,"(May 15, 2022 22:39:10 / UTC+9)",0x4ebead76d1f0e9c86117cc40a47898b978ba9c11,0x239916ca0b9e40022ede28345ab7c33e5f7bc144,17889,Cat Town Punks,0x41cff281b578f4cf45515d6e4efd535e47e76efd,10
0xaa0bf698aded844921bafe891a231376aa44bf9758de0f8745cbee0ad43940e3,"(May 15, 2022 22:47:31 / UTC+9)",0xa5116610b96a189e3c310ecb717523cdf3c497b4,0x2a58ecd7f941313b3723da9392815ee6acfdb5aa,1135,Robot Taekwon V,0x41cff281b578f4cf45515d6e4efd535e47e76efd,95
0xe0f14ed5d604e373858bf19a5bd25a4130b2f6d0ea700d3c58e3ec2b9091f9d5,"(May 15, 2022 22:47:30 / UTC+9)",0x9b037d59fd33cd0e85d088cac705d2947eb4acb3,0x28b20c9e46c79d8ce93103978e22d349186b1b94,647,THE VOGONYANGS,0x41cff281b578f4cf45515d6e4efd535e47e76efd,295
0xb0e75c05d3d12a082998d241ede44f5c1b3cf46622df03a3c7fc899712eeb9fe,"(May 15, 2022 22:47:16 / UTC+9)",0xe9d956875dafde0140018ac1148998947e1819bb,0xec9e497e6bf942ec338574e04f7596a176e44bc8,513,Klay 3 Kingoms Land,0x41cff281b578f4cf45515d6e4efd535e47e76efd,700
0xfad25be983388f31d1861440e173bacc6daa8390e3e30528223aa18d3b50b744,"(May 15, 2022 22:46:57 / UTC+9)",0xa5116610b96a189e3c310ecb717523cdf3c497b4,0x2a58ecd7f941313b3723da9392815ee6acfdb5aa,1131,Robot Taekwon V,0x41cff281b578f4cf45515d6e4efd535e47e76efd,95
0x44a2757faebd23d3d4f7f93ca16dd8e929f7fc9bb1e64814948b1a054e7bf77a,"(May 15, 2022 22:46:09 / UTC+9)",0xa5116610b96a189e3c310ecb717523cdf3c497b4,0x2a58ecd7f941313b3723da9392815ee6acfdb5aa,1137,Robot Taekwon V,0x41cff281b578f4cf45515d6e4efd535e47e76efd,95
0xf44aa0e68a51fe21c66995332025a1ca18f3cef124428982c26af311fe68f5b3,"(May 15, 2022 22:45:44 / UTC+9)",0xa5116610b96a189e3c310ecb717523cdf3c497b4,0x2a58ecd7f941313b3723da9392815ee6acfdb5aa,1133,Robot Taekwon V,0x41cff281b578f4cf45515d6e4efd535e47e76efd,95
0x126177094906465dbb2fe4ba2e538452d7862f84c34f3a5edf8cebab41e466b8,"(May 15, 2022 22:45:08 / UTC+9)",0x706d22ab2208cc26610f3a4660dffb8b38dc6741,0xfae49d91435985693ab9cd4b4a29ba62b210ca06,1128,SE7EN_MOOD_PET,0x41cff281b578f4cf45515d6e4efd535e47e76efd,9
0xab56ea5525919775c1853bd3a3af04062f31e0b79b02dab6bff7814820e3cc06,"(May 15, 2022 22:44:59 / UTC+9)",0xa5116610b96a189e3c310ecb717523cdf3c497b4,0x2a58ecd7f941313b3723da9392815ee6acfdb5aa,1141,Robot Taekwon V,0x41cff281b578f4cf45515d6e4efd535e47e76efd,95
0x4bd57825a4dd06db273a9c49710b6276ae1d6a4f447bb51fc5035df59f994b65,"(May 15, 2022 22:44:40 / UTC+9)",0xe3d6c6b81fcf4b8b49e921252839c7988c9fb294,0x53f7a96ec7c9e6f1f2af640a6b305cbb456d2e09,4696,Klay 3 Kingdoms Drop,0x41cff281b578f4cf45515d6e4efd535e47e76efd,47
0xafaf7722714304347911c17aeff8256fc5fb6d9765a8c557d0d935c9ea5b552b,"(May 15, 2022 22:44:38 / UTC+9)",0x706d22ab2208cc26610f3a4660dffb8b38dc6741,0xfae49d91435985693ab9cd4b4a29ba62b210ca06,907,SE7EN_MOOD_PET,0x41cff281b578f4cf45515d6e4efd535e47e76efd,9
0x0f8bafe65d33138f9cf80831d107a08fef5f132cb15ee66e44bd0236f6adfe7f,"(May 15, 2022 22:44:32 / UTC+9)",0x9c2844663e825baefd22141512275db8c2a04d59,0x67852a38b531ba5dee37d36d33169f97a5608b32,19280,G RILLA,0x41cff281b578f4cf45515d6e4efd535e47e76efd,"1,100.00"
0x3b115cf3964a59082e7631397d2275ed65cbc0f85cabe4d4d9fa67bdd8e59790,"(May 15, 2022 22:44:14 / UTC+9)",0x706d22ab2208cc26610f3a4660dffb8b38dc6741,0xfae49d91435985693ab9cd4b4a29ba62b210ca06,842,SE7EN_MOOD_PET,0x41cff281b578f4cf45515d6e4efd535e47e76efd,9
0xfb234ebbd895179c0f4dc95ec4dfde0d3aff96e7fcb631f68c1ee870a82accf2,"(May 15, 2022 22:43:59 / UTC+9)",0xd1fda166860816ab462f2f1acfa6383d0531ed6b,0xecbc34082f83cfee873761c709db904f2203c20a,897,DOGESOUNDCLUB MATES,0x41cff281b578f4cf45515d6e4efd535e47e76efd,385
0x2e3faf8c856fcac64b9d28538e5fbfdd5bf451d9f00de1626d4765888913dd0b,"(May 15, 2022 22:43:39 / UTC+9)",0x706d22ab2208cc26610f3a4660dffb8b38dc6741,0xfae49d91435985693ab9cd4b4a29ba62b210ca06,711,SE7EN_MOOD_PET,0x41cff281b578f4cf45515d6e4efd535e47e76efd,9
0x0d97bcb6bde903e7f51a1c87194a0511acdb1a9cd060b471164381cc8e47fed7,"(May 15, 2022 22:43:04 / UTC+9)",0x706d22ab2208cc26610f3a4660dffb8b38dc6741,0xfae49d91435985693ab9cd4b4a29ba62b210ca06,825,SE7EN_MOOD_PET,0x41cff281b578f4cf45515d6e4efd535e47e76efd,9
0x9e0fcbde60857e4e66eab7f360eb8da4dbee125ca8958326061aa9ad3ca3d9f6,"(May 15, 2022 22:42:33 / UTC+9)",0x706d22ab2208cc26610f3a4660dffb8b38dc6741,0xfae49d91435985693ab9cd4b4a29ba62b210ca06,693,SE7EN_MOOD_PET,0x41cff281b578f4cf45515d6e4efd535e47e76efd,9
0x5740fc84f439431c002f6953a8b132c82e4ed2f3c1893d2b24768fd4424f95e5,"(May 15, 2022 22:42:32 / UTC+9)",0xb6e45d39282486c0a7545b7dabeda7892d2a2c75,0xbd9989a10e0e76fcd3d315c2c4e0887641991592,279017,SheepFarm,0x41cff281b578f4cf45515d6e4efd535e47e76efd,450
0xe2b6accbe27552c95a0288047637238e37ae46f675b806a78e570675ef181b85,"(May 15, 2022 22:42:29 / UTC+9)",0x5d7e3eac0a4526f9243c9f748ae1ffe08ae900fd,0xbc94b146d82724d041d2b4392c483e156e91f830,3234044380,0xe3e042618bf73748a4f8f45dbe239092a6f7261e,0x41cff281b578f4cf45515d6e4efd535e47e76efd,9
0xe5cb4b15ebdc41ec1377be6bc212105cd20501e7ded34dd8dbcb64efebd19b66,"(May 15, 2022 22:42:23 / UTC+9)",0xafc555464d4967d76db1d1cd76d35ec1cb5d0f45,0xee8df3519d14778476be9f3bf4a695e20e653afc,404,LMC Koonta,0x41cff281b578f4cf45515d6e4efd535e47e76efd,219
0xe1b68138a4ca18604c948936cc8125d1c3284c6c2b6a61b9d3248975b2bef43a,"(May 15, 2022 22:42:07 / UTC+9)",0xe3d6c6b81fcf4b8b49e921252839c7988c9fb294,0x53f7a96ec7c9e6f1f2af640a6b305cbb456d2e09,2745,Klay 3 Kingdoms Drop,0x41cff281b578f4cf45515d6e4efd535e47e76efd,19
0xe81ce634796b1c0ce8b16935f5a70fb3ee96f5f4829a298fc16cdfca11e74ba7,"(May 15, 2022 22:40:23 / UTC+9)",0x5c1a2eb39f821b835aa340b19fb4c2e5971d833b,0xc3c472e299d61d34a3fcbc3ee3de4006fc29133d,486,Klay 3 Kingoms Land,0x41cff281b578f4cf45515d6e4efd535e47e76efd,720
0x48688254c767858402cc4436ecf66ba0d204e5a42a8ad4d7da6aa362299a8f29,"(May 15, 2022 22:40:16 / UTC+9)",0x7fd96c37dbc2ab6bafad5f93bf3669a70588d126,0x42c643f93fba9aa426aab1e2d0f68903b45113fd,4135,Oi Sunnies,0x41cff281b578f4cf45515d6e4efd535e47e76efd,19
0x0b28da48194df73cd47f762b7f9af8ca5a313c5a7859498cfcc5de274b296601,"(May 15, 2022 22:40:10 / UTC+9)",0x9b037d59fd33cd0e85d088cac705d2947eb4acb3,0x34c885f85cace90c505c4bd982fd962aefd7f546,4343,THE VOGONYANGS,0x41cff281b578f4cf45515d6e4efd535e47e76efd,300
0x22daf9be9c3c7228ecc1064ebe77033424ed70567d0c35d800b50b5cfd9e4c9c,"(May 15, 2022 22:39:31 / UTC+9)",0xe3d6c6b81fcf4b8b49e921252839c7988c9fb294,0x866733dd485fe52e7056c7513a88db8e47da033e,2410,Klay 3 Kingdoms Drop,0x41cff281b578f4cf45515d6e4efd535e47e76efd,13
0x77735aad67c35bb4489cc3a9ea48fe34ea47f65fe846f70d44beff7413454c47,"(May 15, 2022 22:39:10 / UTC+9)",0x4ebead76d1f0e9c86117cc40a47898b978ba9c11,0x239916ca0b9e40022ede28345ab7c33e5f7bc144,17889,Cat Town Punks,0x41cff281b578f4cf45515d6e4efd535e47e76efd,10
0xde3aaee58923593fda62da99ba0401823e9d043fbb5d37700624a67bf1f6a215,"(May 15, 2022 23:35:37 / UTC+9)",0x9d8024d40660ab7ffadfa09441e34ce78cae683d,0x31f503483c7e6dc80161a0a27728ce3e50e05f89,245135,SheepFarm,0x41cff281b578f4cf45515d6e4efd535e47e76efd,0.4
0x65972b2600949f494fb1c5035400c585af2b005bfcf031f39252840f401aea13,"(May 15, 2022 23:35:36 / UTC+9)",0x541216c568d60a1310f6e66a3f50ad6946eb782e,0x72989f891e6f52e27e41a4cf9a17b948023b7721,6648,Klay Kingdoms KINGs,0x41cff281b578f4cf45515d6e4efd535e47e76efd,370
0x86093d9b077ff9eca065b7e84a073b502189e766a1997bdbad87e52f6b5108a4,"(May 15, 2022 23:35:22 / UTC+9)",0x9d8024d40660ab7ffadfa09441e34ce78cae683d,0x31f503483c7e6dc80161a0a27728ce3e50e05f89,244508,SheepFarm,0x41cff281b578f4cf45515d6e4efd535e47e76efd,0.4
0x0ce8aa6708f913fae516214b980ca2a9b706f56bc01fd8fe1592ca1a41f617d9,"(May 15, 2022 23:35:10 / UTC+9)",0x9d8024d40660ab7ffadfa09441e34ce78cae683d,0x31f503483c7e6dc80161a0a27728ce3e50e05f89,259559,SheepFarm,0x41cff281b578f4cf45515d6e4efd535e47e76efd,0.4
0x8feebc27f368a7ee1a2ca064a55a040473a6f548633d523d518a0eabc4b24c78,"(May 15, 2022 23:34:56 / UTC+9)",0x9d8024d40660ab7ffadfa09441e34ce78cae683d,0xf059873ae9e5ed3f88ec20eb0ac8a9c41665e765,127782,SheepFarm,0x41cff281b578f4cf45515d6e4efd535e47e76efd,0.35
0x4d2ba982294315aa73bfe913230d01b07ab61bae318db065efbac3c2ab37ca27,"(May 15, 2022 23:34:46 / UTC+9)",0x541216c568d60a1310f6e66a3f50ad6946eb782e,0xa783df6d1a1d02ca174c40a07d10792068b92223,8395,Klay Kingdoms KINGs,0x41cff281b578f4cf45515d6e4efd535e47e76efd,370
0x7190949c6a461c6fc4820b9858686a6f0efee109ca3170381040ac959fda5a10,"(May 15, 2022 23:34:22 / UTC+9)",0xab3fac7d481da291fe92974d3c9bf439a87f7cf8,0x1eef7b1cce5d9f0f53d994df59fbf564668a97d7,5112,My Fat Babiz,0x41cff281b578f4cf45515d6e4efd535e47e76efd,80
0x56c78e0e7eaadc5ace394538cd233b798aafe07854c0c6680d0e9bb6f6b2ddca,"(May 15, 2022 23:33:58 / UTC+9)",0x96897e49cd788a517aea8c288d4f9e3a0c29780f,0xc57ae8e6a53d81f391a1907719043cc260c87437,2801,HodlersDAO,0x41cff281b578f4cf45515d6e4efd535e47e76efd,27
0xc3348b29272bd1a38884f7fabe150b6fa825ee93e920efaee41a467e49c2a039,"(May 15, 2022 23:33:36 / UTC+9)",0x541216c568d60a1310f6e66a3f50ad6946eb782e,0x5d18fc5d1eb50ffd9882dfbe1ac4163d5a0dc056,3880,Klay Kingdoms KINGs,0x41cff281b578f4cf45515d6e4efd535e47e76efd,365
0x50d9819a3ea7354c239356e37fe8851278b71f9b1b6dcbc8ace78472f461d9d8,"(May 15, 2022 23:33:34 / UTC+9)",0x96897e49cd788a517aea8c288d4f9e3a0c29780f,0xc57ae8e6a53d81f391a1907719043cc260c87437,2800,HodlersDAO,0x41cff281b578f4cf45515d6e4efd535e47e76efd,27
0x106d3e3c07a0e95ce0f363ef75445dcd1318b38797356f48ac14ee643c07405d,"(May 15, 2022 23:33:17 / UTC+9)",0x541216c568d60a1310f6e66a3f50ad6946eb782e,0x55e60b97522a910c9469d9b51c5f1e273125b764,5705,Klay Kingdoms KINGs,0x41cff281b578f4cf45515d6e4efd535e47e76efd,365
0xe05fd4221def460bb67d2994c09d6b71f279023b1af64d82c0a7579efb8fcc29,"(May 15, 2022 23:33:10 / UTC+9)",0xc6a49b0edab5b0324872043d12d68916e71c57ef,0x53f7a96ec7c9e6f1f2af640a6b305cbb456d2e09,4162,Klay 3 Kingdoms Drop,0x41cff281b578f4cf45515d6e4efd535e47e76efd,99
0xc1f46416837be49072244f6e0f25fbb26e056162654a5dc017b1c6e1a156d4c4,"(May 15, 2022 23:32:46 / UTC+9)",0x96897e49cd788a517aea8c288d4f9e3a0c29780f,0xc57ae8e6a53d81f391a1907719043cc260c87437,2799,HodlersDAO,0x41cff281b578f4cf45515d6e4efd535e47e76efd,27
0x1206e9516c0d7680b3873901e232a8b2f3463f02df16f1b00ae7b6939f487fac,"(May 15, 2022 23:32:09 / UTC+9)",0x65c45e294c9e00083e79539f8d199d1cf101ffa9,0x63a2c8f5230d3af457e5eb09b8f3170adc12c731,842,DR. Peng,0x41cff281b578f4cf45515d6e4efd535e47e76efd,300
0x395db9d814771a41d1530cac4ef6045e0fb0c0fc42519c9321ba300c0b640396,"(May 15, 2022 23:31:15 / UTC+9)",0xab635bbc1e0cd282ea76eef8da130e45eea096cd,0xa964b7000b9bb13243281ffd3ffec463e9355462,4446,THE VOGONYANGS,0x41cff281b578f4cf45515d6e4efd535e47e76efd,298
0x7fb4af5e4b809d2bcd7bd91f175f764035ce1a7ca3d797aa6bc77649b5c9099e,"(May 15, 2022 23:31:08 / UTC+9)",0x541216c568d60a1310f6e66a3f50ad6946eb782e,0x55e60b97522a910c9469d9b51c5f1e273125b764,1316,Klay Kingdoms KINGs,0x41cff281b578f4cf45515d6e4efd535e47e76efd,365
0x0783656c119541508c9ed2200e8bdcf8ce04f5b67fd15afcc732a757b1a6c981,"(May 15, 2022 23:30:38 / UTC+9)",0x541216c568d60a1310f6e66a3f50ad6946eb782e,0x55e60b97522a910c9469d9b51c5f1e273125b764,7376,Klay Kingdoms KINGs,0x41cff281b578f4cf45515d6e4efd535e47e76efd,365
0x3459e64a232b47fcace3ef80f18e33d4bf29a94bb5de3562d88a0feeb289671a,"(May 15, 2022 23:29:49 / UTC+9)",0x541216c568d60a1310f6e66a3f50ad6946eb782e,0xefdbe3cffdf33bd5535c2bee0f2431475cf91606,8560,Klay Kingdoms KINGs,0x41cff281b578f4cf45515d6e4efd535e47e76efd,360
0x21454bb29a048dc3d990ad6df7eaae4f61a0b2f4e586c84ab28c364e979025fa,"(May 15, 2022 23:29:28 / UTC+9)",0x541216c568d60a1310f6e66a3f50ad6946eb782e,0x953fa86176465a97813008d737f417e9773377ff,8043,Klay Kingdoms KINGs,0x41cff281b578f4cf45515d6e4efd535e47e76efd,360
0x6b66bd9719769dd1557241cce67038b34ade26c5607e5e273fbab2bebf345cd9,"(May 15, 2022 23:28:46 / UTC+9)",0x541216c568d60a1310f6e66a3f50ad6946eb782e,0xefdbe3cffdf33bd5535c2bee0f2431475cf91606,4593,Klay Kingdoms KINGs,0x41cff281b578f4cf45515d6e4efd535e47e76efd,360
0x0e0de3455d73ac855e20a33290637ef121fe86a58fdd7d41a98b13bfc1044a23,"(May 15, 2022 23:28:32 / UTC+9)",0xc6a49b0edab5b0324872043d12d68916e71c57ef,0xf7d5bd63fe1c3512529558981023f3b85eab5bdb,245,Klay 3 Kingdoms Drop,0x41cff281b578f4cf45515d6e4efd535e47e76efd,150
0xccc29a12868b52327042aa24e3423df4ba25d55998e2c7fe334ece0c2e9ae8fc,"(May 15, 2022 23:28:18 / UTC+9)",0x541216c568d60a1310f6e66a3f50ad6946eb782e,0x0aa4e61e29bdf19b2915ef5c43c6ff8f9dddf6ad,2346,Klay Kingdoms KINGs,0x41cff281b578f4cf45515d6e4efd535e47e76efd,360
0x97f22dbde674de877a1d5d6a7482c24eb64bac2bbad8ea5f25e6b20b7233309c,"(May 15, 2022 23:26:29 / UTC+9)",0x3ac6f60db4658c28248f078afa59882bc6173330,0x40ac6cb02bd4c2e740f472fb70d64ffe62947b16,185,[TREASURES CLUB x U.E] YOU ARE THE TREASURE-2,0x41cff281b578f4cf45515d6e4efd535e47e76efd,65
0x6c811fd41eb3f6270fb7223d7ec0fdc1463650cf3b40017cb7e6579571c83593,"(May 15, 2022 23:25:21 / UTC+9)",0xc30166c2bd33d8dab201bea95dc6564987758370,0x1da46ad78573cd61cce499056526a32f3d2bf101,1606,FurryZ,0x41cff281b578f4cf45515d6e4efd535e47e76efd,30
0x18d565b47739d434ae562d3da7adc58a0668ae11af0ca47a27231559cde752c3,"(May 15, 2022 23:23:38 / UTC+9)",0x12163ae5c03bf336ac056ea27e99482c53cbcc47,0x31f503483c7e6dc80161a0a27728ce3e50e05f89,7936,HAPPIER TOWN,0x41cff281b578f4cf45515d6e4efd535e47e76efd,450
0x4dfb02e0e02523cc1f18f7e2d63263d12be52ed26a46a3a71239ed9d75621d10,"(May 15, 2022 23:22:25 / UTC+9)",0x8150bf049d6c12ecda44bf263e17fa889f764fc7,0x85dd32db0188ec9d7c078a5c2adbe5efceb13824,1817,Klay Doomsday Girls Club Official,0x41cff281b578f4cf45515d6e4efd535e47e76efd,30
0x86ea54492bf19b6ac60beebe0a2b9d0dede8729e679ddd7e9c25e0807b0a2c6c,"(May 15, 2022 23:21:42 / UTC+9)",0xc30166c2bd33d8dab201bea95dc6564987758370,0x491e14ef527a161725d8dd8ca7e34796a613946c,1640,FurryZ,0x41cff281b578f4cf45515d6e4efd535e47e76efd,26
0xaa6b1ed2937b3421c9a0ce19d3b4ad816fe6af18bd3e81818d125468ad22edd0,"(May 15, 2022 23:21:28 / UTC+9)",0x65851cc1761bcf676850075b196c92f158ce1134,0xb1a1e7a2338c1da7bfd79f0bc96c5051ab09843d,2584,Klaypad Key,0x41cff281b578f4cf45515d6e4efd535e47e76efd,59
0x16e5f3c61619b3b35b884200b6023168d57cebedc900ec50056ba148328d8968,"(May 15, 2022 23:21:19 / UTC+9)",0x541216c568d60a1310f6e66a3f50ad6946eb782e,0xefdbe3cffdf33bd5535c2bee0f2431475cf91606,7122,Klay Kingdoms KINGs,0x41cff281b578f4cf45515d6e4efd535e47e76efd,350
0x0ea4f08c49b8468028f63840b81d5ef7aee53f738afbc93eaccd70efcd0c7fdf,"(May 15, 2022 23:21:10 / UTC+9)",0x65851cc1761bcf676850075b196c92f158ce1134,0xede4ea77d80d5f872ed8a22548f2217a74aba1ce,2771,Klaypad Key,0x41cff281b578f4cf45515d6e4efd535e47e76efd,58
0x634cacc98d7c4d83fcdc50d2ad4ed4adc72c9b3fc2d089ce409b470ec5d4a882,"(May 15, 2022 23:20:35 / UTC+9)",0xd67959c907f55d965ba0460937e5f45ae15017ef,0x610edefa8663248611c78abaaf6b5d4db34d41ab,125,KlayCity District,0x41cff281b578f4cf45515d6e4efd535e47e76efd,0.6
0x9ce9af3200fa0e4798da966580f573ea18d628418dd785dff900fe84039c1128,"(May 15, 2022 23:20:31 / UTC+9)",0xfcf7cc1ccc600e11c3e2f373bdbfd6b7c2054b88,0x16aa2ba3a34459e88090d0fbfca898236cb66e71,5368,Pixel Ground,0x41cff281b578f4cf45515d6e4efd535e47e76efd,55
0x5b5873b1c1d553eefc85ab7a1b6d766ce4c8ab7edef32f9001f4db0685a48960,"(May 15, 2022 23:20:29 / UTC+9)",0x3a97b96a14541cfa4ef3b2c0f8593308aea04a87,0x54214e779d511bb5e37bc13697de0c292e4f87cf,27317,Born Baby Kongz,0x41cff281b578f4cf45515d6e4efd535e47e76efd,410
0x01919abaad0b7ae052827198a300c078ea5eccecdff6f44791016e177fd81998,"(May 15, 2022 23:19:36 / UTC+9)",0x541216c568d60a1310f6e66a3f50ad6946eb782e,0xefdbe3cffdf33bd5535c2bee0f2431475cf91606,7825,Klay Kingdoms KINGs,0x41cff281b578f4cf45515d6e4efd535e47e76efd,350
0xd88b07660e6712539465e8a3bff2437d166f77faaa81fde2a5a99bd1bcd9a574,"(May 15, 2022 23:18:39 / UTC+9)",0x4ca889a8c61a308e4d15aa4d2c621fb919094aef,0xd07b2b7dde26ba39260c98e2e536314880319d3d,347,TWhouseAir,0x41cff281b578f4cf45515d6e4efd535e47e76efd,28
0xb7229a540cfb6a92bf70d5e69831bba9ec20e65e717146a08f1eefd261878e71,"(May 15, 2022 23:18:01 / UTC+9)",0xbfb934d93361e4f05b77e5a5a54d4b828d28018b,0xec9e497e6bf942ec338574e04f7596a176e44bc8,4434,Klay 3 Kingdoms,0x41cff281b578f4cf45515d6e4efd535e47e76efd,187
0x7d8003f57891a81dac89378e9ac51053d60c961786ac3bbf967df0f6ad922b27,"(May 15, 2022 23:17:53 / UTC+9)",0xb9c9e407692237e0b0cde721fcfbdb2f4db9253e,0x179a34bb5cfd67249942f7a8d143ff3a106d831b,2302,ShyGhostSquad,0x41cff281b578f4cf45515d6e4efd535e47e76efd,650
0xb1bcbf09fbe51769ee4d064233a214d3c5d9b5bb00478b0e98bdc5e54f2b6eac,"(May 15, 2022 23:16:03 / UTC+9)",0xbfb934d93361e4f05b77e5a5a54d4b828d28018b,0xec9e497e6bf942ec338574e04f7596a176e44bc8,4429,Klay 3 Kingdoms,0x41cff281b578f4cf45515d6e4efd535e47e76efd,186
0x802c66648b2a75c73e4aff20ad51f7e80d9a714f07512b28249d3f3b67978edc,"(May 15, 2022 23:15:19 / UTC+9)",0x69a91063c66266bde7438b1215093bc70d0ee8eb,0x2d197bd98a7e9f97b85f79abb635b681645e1e50,8261,Pixel Ground,0x41cff281b578f4cf45515d6e4efd535e47e76efd,45
0xf248ce26ab7268b6b32fde278c89b9f5303368168f35e1f1a43137565676034b,"(May 15, 2022 23:15:00 / UTC+9)",0xe0d6779e93beb51528d6e4b9612374135f30a221,0x2f27169451a908951fb24967f0e0447e548e7223,1295,My Fat Babiz,0x41cff281b578f4cf45515d6e4efd535e47e76efd,52
0x53c8e319ac66d19db6764114bbabfccf69d294aa13000b1590418ec2ea936735,"(May 15, 2022 23:14:38 / UTC+9)",0x69a91063c66266bde7438b1215093bc70d0ee8eb,0xad6e56920119c4df854d935f3551e9e8758ef352,8232,Pixel Ground,0x41cff281b578f4cf45515d6e4efd535e47e76efd,49
0x456a5ae97152987c94185c295bcf21aa415a1a0bc32614724eed69be9113c6d4,"(May 15, 2022 23:13:36 / UTC+9)",0xf256aa8436cc6f4ffccbf2e542cb0cfd8eceaf63,0xfad3aae7e257596fa9af6016aa1442557a79d7cd,3219,LMC Koonta,0x41cff281b578f4cf45515d6e4efd535e47e76efd,218
0x498e227824a31f3523e8a832f3722048fd5cbbc57d74eadc8ff0de1148072c61,"(May 15, 2022 23:13:27 / UTC+9)",0x9d8024d40660ab7ffadfa09441e34ce78cae683d,0x14e003fb17c261ee8f53ba34a40228988e10a011,4445,Natus Alien Club,0x41cff281b578f4cf45515d6e4efd535e47e76efd,38
0x229b22618905f3c5ed79015b3053600a4a8086b67bdc6453e4d2da1790a1b5d8,"(May 15, 2022 23:12:59 / UTC+9)",0xc30166c2bd33d8dab201bea95dc6564987758370,0x0085a639c4c32f9072b5b563590c8f1889e449c5,39,FurryZ,0x41cff281b578f4cf45515d6e4efd535e47e76efd,20
0xba08d6f97543c17ff1ef2827556dd27192185fa9e3e9f1e1e66e9bcf5764a4d0,"(May 15, 2022 23:12:14 / UTC+9)",0x9713d7bba087b74caa178fabf73a7f2659decce5,0xe12910a2511615d305760f58ba91a348f3f9bf99,3697,THE VOGONYANGS,0x41cff281b578f4cf45515d6e4efd535e47e76efd,299
0xf92f9f48e318fd11c0ae1e83bcd5fea786b68008fde420fb776d5189f2caea21,"(May 15, 2022 23:12:13 / UTC+9)",0xa22cdae1046265f7ef40d8f495a9ac48c76ecda3,0x9f0359e703a80537d577456b34f429f2ff52fed9,973,ChartpanNFT,0x41cff281b578f4cf45515d6e4efd535e47e76efd,117
0xc961302ea6b4b9a473637ff208a5b5d2606bbb8e454d99cb9ba615307f34fcb1,"(May 15, 2022 23:11:28 / UTC+9)",0x6e44dc48c65ac761d644a7379a43a28fc51eceb3,0x4a73fa510741d593c7806a5fee5df845244d700f,10791,[ TREASURES CLUB X Kim Jeehyun ] YOU ARE THE TREASURE,0x41cff281b578f4cf45515d6e4efd535e47e76efd,88
0x64c93c29be0bfd7d732b1810c86fa1a31122431880aa42d991993ee97000c87e,"(May 15, 2022 23:10:53 / UTC+9)",0x5df2ae40d6505d6a0114759819ca270893a63d46,0x81d61e2a331e6de39b91ad93838268de7051a1ce,7245,LEMONG 3D_Official,0x41cff281b578f4cf45515d6e4efd535e47e76efd,420
0x2e4774aa08365a0303e17bc9b812567c5e343c74f9ca43ef8c00fb7d9f8338d0,"(May 15, 2022 23:10:52 / UTC+9)",0xe0d6779e93beb51528d6e4b9612374135f30a221,0x2f27169451a908951fb24967f0e0447e548e7223,1294,My Fat Babiz,0x41cff281b578f4cf45515d6e4efd535e47e76efd,50
0xc15cadabce930e8104315dbf8c4c43f357a9d619cb92c1c5991d20704ffd4308,"(May 15, 2022 23:10:34 / UTC+9)",0xc97846b419c7ba14b6704b5fdf30182dd533c4c5,0xecbc34082f83cfee873761c709db904f2203c20a,7481,SurvivalismG,0x41cff281b578f4cf45515d6e4efd535e47e76efd,259
0xa4dba7454b2466f6149e940114617869fcec6df8cb9704f404cefa01c635efb1,"(May 15, 2022 23:10:20 / UTC+9)",0x59c734ba4640f3a52e540a4e01e87b83b3189b01,0x4eab42d46dcc8fa49a6ce1ed27541c5fefb052ca,3138,THE VOGONYANGS,0x41cff281b578f4cf45515d6e4efd535e47e76efd,299
0x7582f144207997c4bf21c9c359343ed7c351f18a1c033b068e7064b085658cb5,"(May 15, 2022 23:09:58 / UTC+9)",0x59c734ba4640f3a52e540a4e01e87b83b3189b01,0x885ef23026638fa98fadcd46a16f195a2b32a32d,1423,THE VOGONYANGS,0x41cff281b578f4cf45515d6e4efd535e47e76efd,298
0x987b9dab33ad62ecd2e9c0d5e028637dce35eb68dd9932127a3e899bdb66bd22,"(May 15, 2022 23:09:56 / UTC+9)",0xc30166c2bd33d8dab201bea95dc6564987758370,0xed3e7aea142491c84376004a3648a86850c3609a,816,FurryZ,0x41cff281b578f4cf45515d6e4efd535e47e76efd,19
0xd593104b8c56aed915ae866a5ed005b074724c9122db3ad25ae7fb03aa989584,"(May 15, 2022 23:09:55 / UTC+9)",0x1a269fc53d841425d13f0c669716e777f59868c2,0x813bc9b657c6253126660ca376163ef4e597321d,511,DSC eMATEs | ROCKET GEEKS,0x41cff281b578f4cf45515d6e4efd535e47e76efd,60
0xd96ee641bfae2724118941d409a64b44e0386469e4a5c28a3a69d5237fd0ce4e,"(May 15, 2022 23:09:30 / UTC+9)",0xe0d6779e93beb51528d6e4b9612374135f30a221,0x2f27169451a908951fb24967f0e0447e548e7223,1296,My Fat Babiz,0x41cff281b578f4cf45515d6e4efd535e47e76efd,51
0xc96bf9694553e95aea519ef30383380b40dd190c2f193dd4d5fc6512b5a9ebf6,"(May 15, 2022 23:09:07 / UTC+9)",0x9713d7bba087b74caa178fabf73a7f2659decce5,0xeaf10f8cc9c3cc38d4846bc2fbbb0f7760e520f6,1220,THE VOGONYANGS,0x41cff281b578f4cf45515d6e4efd535e47e76efd,299
0x3a4ba89fbe24667905203d0fcc9ff0f8d773ab1ce0c0ebcfc79c66cdaa047fc7,"(May 15, 2022 23:08:56 / UTC+9)",0xd92ccf41fd89abd86fe728f919f8083a4ec27799,0xec9e497e6bf942ec338574e04f7596a176e44bc8,4435,Klay 3 Kingdoms,0x41cff281b578f4cf45515d6e4efd535e47e76efd,185
0x8cb7fc5d9e5355f966d759155528a77053d0cbdeaa971913baf6086968cc5856,"(May 15, 2022 23:07:56 / UTC+9)",0x4075b8ca7f41fe45bde84843149eb481663e6427,0x95fac4a192201825e51cd60a82b2e9369244f193,69,ShyGhostSquad,0x41cff281b578f4cf45515d6e4efd535e47e76efd,550
0x11802a1c8599d25f0d1d15667d37ea6ae7ece74af40696b08993622362d4cfcd,"(May 15, 2022 23:06:47 / UTC+9)",0x28ec0f3d9f0a0783dbec9d98414fb111b30893c2,0x58892deba37860a3913f715c5e25d8b41d5e5e97,3327,CYE ChuchuCAT V0,0x41cff281b578f4cf45515d6e4efd535e47e76efd,150
0x5a9f0bf6344ec618a383c03a6761048cc1d79a12c38fce76f57b89d692dfc984,"(May 15, 2022 23:06:30 / UTC+9)",0x28ec0f3d9f0a0783dbec9d98414fb111b30893c2,0xf9869295874d08d70778429ed8e6f11a789b0091,1530,CYE ChuchuCAT V0,0x41cff281b578f4cf45515d6e4efd535e47e76efd,150
0xb4623de7c9b2bd67ecc1a252713c656a0ebecc81f2e1c3ecf4c12f1a11f30c2a,"(May 15, 2022 23:05:38 / UTC+9)",0xfe4a4cd842d476d9b4c6437a95a37a50224bd760,0x85f87c569205b27d73680f63b563f33abc57cda2,8,0x1c1b0024a1d0b9a742f25157c9db0860508ef709,0x41cff281b578f4cf45515d6e4efd535e47e76efd,5
0x781c3cdd123764f6d9832fca10b821d2033ad860859abc153d05e31b4d488f95,"(May 15, 2022 23:04:52 / UTC+9)",0x541216c568d60a1310f6e66a3f50ad6946eb782e,0xefdbe3cffdf33bd5535c2bee0f2431475cf91606,978,Klay Kingdoms KINGs,0x41cff281b578f4cf45515d6e4efd535e47e76efd,350
0x5e9587894baf4713628a37284f576a5f6fe0075a9192cc92df01639e5060609d,"(May 15, 2022 23:04:51 / UTC+9)",0x3737bb3f668d43a9b29dec647609b4cc9c20599c,0xec9e497e6bf942ec338574e04f7596a176e44bc8,4430,Klay 3 Kingdoms,0x41cff281b578f4cf45515d6e4efd535e47e76efd,185
0x27c9c4bd623f5a41b9e14bee8fce267086280ea905e50e8514bac71abd966e72,"(May 15, 2022 23:04:38 / UTC+9)",0xe0d6779e93beb51528d6e4b9612374135f30a221,0x2f27169451a908951fb24967f0e0447e548e7223,3254,My Fat Babiz,0x41cff281b578f4cf45515d6e4efd535e47e76efd,50
0xeb604cd695daa3c38223e4c3cc10b5cb7a88c55a2535ed9326d2d5e7d070f1a0,"(May 15, 2022 23:04:36 / UTC+9)",0x5d7e3eac0a4526f9243c9f748ae1ffe08ae900fd,0xcf9fb6fce5c9c8a1de41cc36ceb837ab5a41b288,22,Imagination_Collection,0x41cff281b578f4cf45515d6e4efd535e47e76efd,90
0xcf68ff5e7cdbc5ed7e8b79c8069141c450f8a27d34dc971e48005cc370fa55d2,"(May 15, 2022 23:04:23 / UTC+9)",0x3db45c7170c6e351c5ed05fe7048846efa3a76a6,0xd8433684cc200e929c0859751905648b19d89b8d,8105,FOOLKATS,0x41cff281b578f4cf45515d6e4efd535e47e76efd,60
0xbf0c1c6797ae33040f9c6355a572a15eb0af207262780b712b0ccfcc1c5421af,"(May 15, 2022 23:04:18 / UTC+9)",0x243c0758c427428ca1db96e52e29610b3352068d,0x3f695b5ad5abc33665824562ccad16b97571f529,586,DSC eMATEs | ROCKET GEEKS,0x41cff281b578f4cf45515d6e4efd535e47e76efd,59
0x7078f82199d8ccd0724b8edad3c807e0b304d9a67246acd1937df63451ac92f1,"(May 15, 2022 23:04:08 / UTC+9)",0x572166a2c42b5f0b666a3918bc58261b52329da8,0x2bce35fe462f7aa4d91d6c1d7ac307daad44130c,5301,HAPPIER TOWN,0x41cff281b578f4cf45515d6e4efd535e47e76efd,440
0x537b8dfe3c4dfc4c73547f657451a6d13620be14a109e8e3885c1ff5e241d7c9,"(May 15, 2022 23:02:57 / UTC+9)",0x65851cc1761bcf676850075b196c92f158ce1134,0x2c2bdb3416f09d9572a4afd69c21a34238b3d296,3822,MTDZGOLDBOX,0x41cff281b578f4cf45515d6e4efd535e47e76efd,109
0x5ea0a343377e7e420ccfdbf64b3972870b2500421765209db1cb89fec4f36e67,"(May 15, 2022 23:02:54 / UTC+9)",0x6aab350c05d286fedb49032a5b31cc396ff54701,0xc73afada8da8a9ee68809ed069fe2a96e6ebfcdf,38805,SheepFarm,0x41cff281b578f4cf45515d6e4efd535e47e76efd,1
0xc5737dd8e3d404f14def52c1f672319c9e0dabda50eddef80125deeb75c12870,"(May 15, 2022 23:02:51 / UTC+9)",0x3db45c7170c6e351c5ed05fe7048846efa3a76a6,0xd8433684cc200e929c0859751905648b19d89b8d,9290,FOOLKATS,0x41cff281b578f4cf45515d6e4efd535e47e76efd,60
0x5c789104b26c5959d98f3b5ea3c9d5d8c18aefce61d737ff75c4f44900a3e870,"(May 15, 2022 23:02:47 / UTC+9)",0xe0d6779e93beb51528d6e4b9612374135f30a221,0x5fb622f39bc9511a9a90c73d039a326c49387367,586,My Fat Babiz,0x41cff281b578f4cf45515d6e4efd535e47e76efd,40
0xb8e24dc4ad4c78bd9c4acb7a313143b0c652d438166ebbbf5f9d3a2addc359e2,"(May 15, 2022 23:02:16 / UTC+9)",0xa5116610b96a189e3c310ecb717523cdf3c497b4,0x2a58ecd7f941313b3723da9392815ee6acfdb5aa,2260,Robot Taekwon V,0x41cff281b578f4cf45515d6e4efd535e47e76efd,95
0xa8d69adf50cebb38fded2fc6803722100ece3f1d1b9514b4539c19f1908013f3,"(May 15, 2022 23:01:54 / UTC+9)",0x5d7e3eac0a4526f9243c9f748ae1ffe08ae900fd,0xb77d87111655b551da46c2eca88d4804a9311476,1,Imagination_Collection,0x41cff281b578f4cf45515d6e4efd535e47e76efd,50
0xcffa8b40efd27853ecde4fbdcf8aa7072f3cfefbea307a5f604351c32aca2484,"(May 15, 2022 23:01:51 / UTC+9)",0xb24d998c66d4790a9b6f68a72123102b1976cce0,0x8afcf247d0db537de9583c3deac0fcf166eaf6c1,15383,Born Baby Kongz,0x41cff281b578f4cf45515d6e4efd535e47e76efd,400
0xe0b3de40be02abab6d935f1a8ab55b795d478c29a2ebefe8a3d1725cb8cd7931,"(May 15, 2022 23:01:20 / UTC+9)",0x3db45c7170c6e351c5ed05fe7048846efa3a76a6,0xd8433684cc200e929c0859751905648b19d89b8d,4499,FOOLKATS,0x41cff281b578f4cf45515d6e4efd535e47e76efd,60
0xe435159584dd7536e6007d0534b82e80eb3ed4239e8c1c94f152c68f49428cc0,"(May 15, 2022 23:00:48 / UTC+9)",0xb24d998c66d4790a9b6f68a72123102b1976cce0,0x8afcf247d0db537de9583c3deac0fcf166eaf6c1,7335,Born Baby Kongz,0x41cff281b578f4cf45515d6e4efd535e47e76efd,415
0xc986bfc11e1fddab27ebde3158916d04e58d365098db114155851175dc10f8c7,"(May 15, 2022 23:00:23 / UTC+9)",0xb24d998c66d4790a9b6f68a72123102b1976cce0,0x8afcf247d0db537de9583c3deac0fcf166eaf6c1,25740,Born Baby Kongz,0x41cff281b578f4cf45515d6e4efd535e47e76efd,405
0x3a8dd8e0e09faad084197e205f39818f119770482097170912fed475ad23535b,"(May 15, 2022 22:59:51 / UTC+9)",0xbb0590954b12029891c6edbc72b2e344729771bc,0x576fedd0de8eec847f93c2bd24316e8e1e1d3e5b,703,CAZI,0x41cff281b578f4cf45515d6e4efd535e47e76efd,170
0x7f01f7819ab87301e5140a48a8104a7961d42a604486607a464deab2b5a081b9,"(May 15, 2022 22:59:51 / UTC+9)",0x96897e49cd788a517aea8c288d4f9e3a0c29780f,0x330c51a7b65e39f1ac0f891902bf5f8d932d38f1,1832,HodlersDAO,0x41cff281b578f4cf45515d6e4efd535e47e76efd,25
0xa0fe6e4fc67918c36a76f0175c7f655c2055c293989eb7509fd84516c523f6db,"(May 15, 2022 22:58:47 / UTC+9)",0xb24d998c66d4790a9b6f68a72123102b1976cce0,0x8afcf247d0db537de9583c3deac0fcf166eaf6c1,9550,Born Baby Kongz,0x41cff281b578f4cf45515d6e4efd535e47e76efd,398
0xa6d878a9224134100fbf2f86c60991aec7acad0dda138c6d4d7c55e461ba011b,"(May 15, 2022 22:58:10 / UTC+9)",0xb24d998c66d4790a9b6f68a72123102b1976cce0,0xae9feda01cdcacd2705ace0d01cb591aea80fc3e,27712,Born Baby Kongz,0x41cff281b578f4cf45515d6e4efd535e47e76efd,395
0x3aeb3e6cebeb772ffce0d1e7a7e92da5611bfe48702adfcd9fcbdeb1929f7aab,"(May 15, 2022 22:57:49 / UTC+9)",0xb24d998c66d4790a9b6f68a72123102b1976cce0,0x0b5a570f2e9e05896c8991593fe15e0b4b89e647,12277,Born Baby Kongz,0x41cff281b578f4cf45515d6e4efd535e47e76efd,399
0x1127279a92777b5fada9d467e4fcf34b70738876783e275fc731f6a54370ee8e,"(May 15, 2022 22:57:15 / UTC+9)",0x67149ce78d153a209dc5aa605d2b977d404f05df,0xd16bee645ab0281cab844f74fb5e0bce0e5a8b66,8890,Treasures Club,0x41cff281b578f4cf45515d6e4efd535e47e76efd,299
0x8ddada1dc14b460dc32a8afce8742fb9d461b147ebfcca850fa7b8bc00254980,"(May 15, 2022 22:57:07 / UTC+9)",0x67149ce78d153a209dc5aa605d2b977d404f05df,0xb91b6cecf6bd0eaed8797f4b7f02de80e8d8b619,6839,Treasures Club,0x41cff281b578f4cf45515d6e4efd535e47e76efd,295
0x118e90786ba6c2f1d72fbf0dd30f6bef5f383060c9601bb72337687bcc1c1b90,"(May 15, 2022 22:57:06 / UTC+9)",0xecbc34082f83cfee873761c709db904f2203c20a,0xf8ad78cacaaeef202442c8ed7b75d7c2c27caae0,6740,SurvivalismG,0x41cff281b578f4cf45515d6e4efd535e47e76efd,167
0x3d12ec826512df001bf00255d55223a372ebe78df50c56ab58ec49d0d402e563,"(May 15, 2022 22:56:56 / UTC+9)",0x541216c568d60a1310f6e66a3f50ad6946eb782e,0xbad187623af5e1f31a7b646b81fb82b547949c17,2881,Klay Kingdoms KINGs,0x41cff281b578f4cf45515d6e4efd535e47e76efd,350
0xd08be248b99120eff523ff6bc2d260e1339781b31b24055decf34c3349ea0e00,"(May 15, 2022 22:56:43 / UTC+9)",0x71edc609f9f716557ccdc8e2b746d0b36ce44d0a,0x2a58ecd7f941313b3723da9392815ee6acfdb5aa,119,KlayDino Baby,0x41cff281b578f4cf45515d6e4efd535e47e76efd,22
0xe117805ba973a875e02b466976c9ac6ef351c4c4524b3c6b8ee4f96052e0c237,"(May 15, 2022 22:56:23 / UTC+9)",0x67149ce78d153a209dc5aa605d2b977d404f05df,0x05846100653e7fba36b103ce4dc4e79c4b8c3034,6142,Treasures Club,0x41cff281b578f4cf45515d6e4efd535e47e76efd,295
0xf379508c538d19bedce77a6138a47b7de4d493e9f5599f9f14a50539c769e9de,"(May 15, 2022 22:56:12 / UTC+9)",0x3766acc446d003add1d15e8f80c9cc29279fd1b2,0x4bd7edaa1368bfa81bab6c1bb9c01870b4bf2214,883,Gaegul Society Club,0x41cff281b578f4cf45515d6e4efd535e47e76efd,10
0xf56c07810d11ac4119145dfc04d3e390e8608ba2285bc2f241cf4aa9a58143b5,"(May 15, 2022 22:56:11 / UTC+9)",0x71edc609f9f716557ccdc8e2b746d0b36ce44d0a,0x2a58ecd7f941313b3723da9392815ee6acfdb5aa,2166,KlayDino Baby,0x41cff281b578f4cf45515d6e4efd535e47e76efd,22
0xbb9a81a446aa16448e1d5fbdaaf0dfd7e4fe85b6246c86d77bada828edd296cb,"(May 15, 2022 22:56:07 / UTC+9)",0xb470a9f8bf80396149cb4f63f6d3241abdd78e0a,0x576fedd0de8eec847f93c2bd24316e8e1e1d3e5b,704,CAZI,0x41cff281b578f4cf45515d6e4efd535e47e76efd,180
0xb08971b66bdaa40c67ac0534f0096e9bd57566e31ef26905965239ad8fe74ca0,"(May 15, 2022 22:55:57 / UTC+9)",0x541216c568d60a1310f6e66a3f50ad6946eb782e,0x6f6758c79b2eea1af288eead382e6278b8d5792d,8500,Klay Kingdoms KINGs,0x41cff281b578f4cf45515d6e4efd535e47e76efd,350
0x2fb152f6df4579c6c1864983e8beb4e5e8d69f96d18a443e08854ad28543ebd1,"(May 15, 2022 22:55:49 / UTC+9)",0x71edc609f9f716557ccdc8e2b746d0b36ce44d0a,0x2a58ecd7f941313b3723da9392815ee6acfdb5aa,3990,KlayDino Baby,0x41cff281b578f4cf45515d6e4efd535e47e76efd,22
0xcfd02d9fcbdab6c62807accf125ed0f731211dce3d0fb76493236bbf0fafb204,"(May 15, 2022 22:55:30 / UTC+9)",0x091b6ae0fe69730c4834ab830fe84a914546b640,0xea08a58f6e81e11f62ed43c4ee5c06461a8e83da,4429,MTDZ,0x41cff281b578f4cf45515d6e4efd535e47e76efd,"1,780.00"
0xd45c887616a79809230e11991b33de1fcd6e2f94856a472e1d2c4f3429c9f3f6,"(May 15, 2022 22:55:25 / UTC+9)",0x541216c568d60a1310f6e66a3f50ad6946eb782e,0xb969ed0dfc0d87b67e4e241112f82cb0672f182a,3839,Klay Kingdoms KINGs,0x41cff281b578f4cf45515d6e4efd535e47e76efd,349
0x9a108538ceff22ade09f4eeb0e20a540ef7900d88515cde648ef8a3b52382b4b,"(May 15, 2022 22:55:25 / UTC+9)",0x71edc609f9f716557ccdc8e2b746d0b36ce44d0a,0x2a58ecd7f941313b3723da9392815ee6acfdb5aa,3989,KlayDino Baby,0x41cff281b578f4cf45515d6e4efd535e47e76efd,22
0xe7708c4de4c0a73ebe15f57fb29b941802db3029cfcc16073ce22d086b6396b0,"(May 15, 2022 22:55:21 / UTC+9)",0xf2f672bea09c8eb5f55104e7fa9a4471365e1aeb,0x08806b8b6e133b59cc6add106df1b905b371a1e6,278839,SheepFarm,0x41cff281b578f4cf45515d6e4efd535e47e76efd,65
0x5e699ec0661b231c81f05d57a247dd303f278c01a45eb43f632ee0768002d604,"(May 15, 2022 22:55:20 / UTC+9)",0x8afcf247d0db537de9583c3deac0fcf166eaf6c1,0xe919b763dc5e546dcd84c131b3c7afae442a1c63,3025,ANIVERSE LARVA,0x41cff281b578f4cf45515d6e4efd535e47e76efd,585
0xe5750de836cfae419728f10344ccfb30a6f6720ff2fea78c2bcdd6846180ace2,"(May 15, 2022 22:55:07 / UTC+9)",0xecbc34082f83cfee873761c709db904f2203c20a,0xf8ad78cacaaeef202442c8ed7b75d7c2c27caae0,6634,SurvivalismG,0x41cff281b578f4cf45515d6e4efd535e47e76efd,165
0x9050fcf5a04afb773b4bee3be2fbf8c5aa8bd266f596e4c46ee8f54c1926b654,"(May 15, 2022 22:55:00 / UTC+9)",0x3db45c7170c6e351c5ed05fe7048846efa3a76a6,0xd8433684cc200e929c0859751905648b19d89b8d,2568,FOOLKATS,0x41cff281b578f4cf45515d6e4efd535e47e76efd,60
0xea434beafbe0a2792871ee877fa022d2cca3d9dd8852fa22282ceb6774da4f53,"(May 15, 2022 22:54:41 / UTC+9)",0x541216c568d60a1310f6e66a3f50ad6946eb782e,0xefdbe3cffdf33bd5535c2bee0f2431475cf91606,6503,Klay Kingdoms KINGs,0x41cff281b578f4cf45515d6e4efd535e47e76efd,350
0x18aed826b5018ad96c2440cb5c01b5a4a4c0ff75fc415ce023188136edf02179,"(May 15, 2022 22:54:40 / UTC+9)",0x71edc609f9f716557ccdc8e2b746d0b36ce44d0a,0x2a58ecd7f941313b3723da9392815ee6acfdb5aa,3987,KlayDino Baby,0x41cff281b578f4cf45515d6e4efd535e47e76efd,22
0x1946cf726b3e273fff1567ed482a192f5d66415e3f72db57a7c097730e7fea7d,"(May 15, 2022 22:54:20 / UTC+9)",0x71edc609f9f716557ccdc8e2b746d0b36ce44d0a,0x2a58ecd7f941313b3723da9392815ee6acfdb5aa,3986,KlayDino Baby,0x41cff281b578f4cf45515d6e4efd535e47e76efd,22
0x5dc88fffb3f923f57f2c1e122864a1b0cfd9c3965c442ffa04bf81769abbe483,"(May 15, 2022 22:54:06 / UTC+9)",0xf2f672bea09c8eb5f55104e7fa9a4471365e1aeb,0x0b996ae35601e3776a1ffe9f2b88f3f1bef67c66,234141,SheepFarm,0x41cff281b578f4cf45515d6e4efd535e47e76efd,65
0xa06da59a7866569dfd91c5bff3abef4f2f25c9c1c52d652fc022a0134e35b306,"(May 15, 2022 22:54:01 / UTC+9)",0x6e44dc48c65ac761d644a7379a43a28fc51eceb3,0x4319e4419cf246f582faf77c0016374e68195806,11071,Treasures Club,0x41cff281b578f4cf45515d6e4efd535e47e76efd,400
0x4cff8baf7e65dcfa956ece923cf527d246f947991013a110caed35b511e5811a,"(May 15, 2022 22:53:37 / UTC+9)",0x1feaed05a0186012570a94e2a4747b82f76effbd,0xec9e497e6bf942ec338574e04f7596a176e44bc8,2446,KLAY APE KIDS,0x41cff281b578f4cf45515d6e4efd535e47e76efd,170
0x7bd499de263eaacb487303938689c725e460022730cc08237b9b94140ca05ff5,"(May 15, 2022 22:53:34 / UTC+9)",0x67149ce78d153a209dc5aa605d2b977d404f05df,0xb91b6cecf6bd0eaed8797f4b7f02de80e8d8b619,4495,Treasures Club,0x41cff281b578f4cf45515d6e4efd535e47e76efd,290
0x80ed6e201469503ec998b7733ecd8e965243b4d6d2e6f57e20292d6525dac4d9,"(May 15, 2022 22:53:30 / UTC+9)",0xf2f672bea09c8eb5f55104e7fa9a4471365e1aeb,0x66f9434ce8e210d500cfb16386aa8a064fbc96e1,45652,SheepFarm,0x41cff281b578f4cf45515d6e4efd535e47e76efd,62
0x0032a150ec028dcd67fb73c5347822db2008cb0dca21e4c77ea11823cf18ec6b,"(May 15, 2022 22:53:26 / UTC+9)",0x67149ce78d153a209dc5aa605d2b977d404f05df,0xf6af0bd8ec5f3769ad3e63876d5b90a4c005a4c6,13966,Treasures Club,0x41cff281b578f4cf45515d6e4efd535e47e76efd,289
0x0b05218b2c2303f5fbc4f1b977bb7e2067bb43f61d64ca8a2445f5c07494f3cc,"(May 15, 2022 22:52:58 / UTC+9)",0x9713d7bba087b74caa178fabf73a7f2659decce5,0xb4a227f95a46dc31a4e1f91fde0dbc109fa021c5,8898,THE VOGONYANGS,0x41cff281b578f4cf45515d6e4efd535e47e76efd,297
0x2f96f356f69f31e7beacc0e878c94853bcc4eff702d704aa8d5b4481c3ea017e,"(May 15, 2022 22:52:55 / UTC+9)",0xc5ef4d9ec6fa22be2128c442778ff243a0fbba7f,0xd3eaa041dab1f0fa81b47b10beba37c7280bed1f,11010,GIFT,0x41cff281b578f4cf45515d6e4efd535e47e76efd,23
0x92407da57821c357e15861fba9f413a09ed0ae7aac14efb7ce96eaef712c7bef,"(May 15, 2022 22:52:49 / UTC+9)",0x58328293c0d75c85077cf133f303c0a7ca84f80f,0x85b94272effc3eac3a33c1855dbb0325385a0cea,284,KlayDice Genesis,0x41cff281b578f4cf45515d6e4efd535e47e76efd,400
0x18c46c43a79216e0771c9c2ca1318e55112a267ef4bcc7c089a43d17d1c5e7a3,"(May 15, 2022 22:52:29 / UTC+9)",0x1feaed05a0186012570a94e2a4747b82f76effbd,0xec9e497e6bf942ec338574e04f7596a176e44bc8,281,KLAY APE KIDS,0x41cff281b578f4cf45515d6e4efd535e47e76efd,170
0xf4254aeb8722410777ca0c71c10d14a10f464008918e9dafa3d211352bc34a62,"(May 15, 2022 22:52:23 / UTC+9)",0x5165a694021aabb60074fb30ad310fa8d85a7c46,0x2083fd27317faf2785d64448145c5a36bddefd7b,5183,CELPI NFT,0x41cff281b578f4cf45515d6e4efd535e47e76efd,510
0xc7f8d76479bac0acc7460f6de40b3a74af68cc657298bf2567da9224031fd8dc,"(May 15, 2022 22:51:52 / UTC+9)",0x6e44dc48c65ac761d644a7379a43a28fc51eceb3,0x53406359b1af31f3c142fe31875df0627cdc6b28,14926,Treasures Club,0x41cff281b578f4cf45515d6e4efd535e47e76efd,480
0xd65ef8d025f235a5ec4d3c37fcdbbe80ef7d0c1ebae0770974dbad0f48a0d6c2,"(May 15, 2022 22:51:48 / UTC+9)",0x67149ce78d153a209dc5aa605d2b977d404f05df,0x8112e82792302831ba1aa069a6686646e3c753c0,5389,Treasures Club,0x41cff281b578f4cf45515d6e4efd535e47e76efd,275
0x71a2369d9fc922858cbafc6e886ca1b06e354a733d249628f384ae914a11abbd,"(May 15, 2022 22:51:24 / UTC+9)",0x9b037d59fd33cd0e85d088cac705d2947eb4acb3,0x34c885f85cace90c505c4bd982fd962aefd7f546,4209,THE VOGONYANGS,0x41cff281b578f4cf45515d6e4efd535e47e76efd,300
0x1f42859bd2f15d70094bdf276eef136992ee56da5c0a99b8fe2d422593f3d216,"(May 15, 2022 22:50:29 / UTC+9)",0x3ab626471a1a02b68e91d7a7f145b9aa7041e777,0xeaf10f8cc9c3cc38d4846bc2fbbb0f7760e520f6,3332,THE VOGONYANGS,0x41cff281b578f4cf45515d6e4efd535e47e76efd,297
0x7c6188f7fb291808ab670845f47eb2d5434578ad7237a1d44fceda4a5114b8ba,"(May 15, 2022 22:49:25 / UTC+9)",0x8f614929d111ba71ee5400c1f9f36ad3d6bccae4,0x239916ca0b9e40022ede28345ab7c33e5f7bc144,1974,Cat Town Punks,0x41cff281b578f4cf45515d6e4efd535e47e76efd,11
0x72ffb9b3145a9419cc6b891d8744eb8e7579792c1eefce97b9dce29cbb9f4787,"(May 15, 2022 22:49:24 / UTC+9)",0x95791156bfae1408ab3929624fd2802d4d68e51c,0xd3eaa041dab1f0fa81b47b10beba37c7280bed1f,31500,GIFT,0x41cff281b578f4cf45515d6e4efd535e47e76efd,22
0xb6a798ed721a6d3b1cc2d3e8caed73dfc1d44597f37e648a333643f587282b44,"(May 15, 2022 22:49:15 / UTC+9)",0x8afcf247d0db537de9583c3deac0fcf166eaf6c1,0x9813df3ca5966ee512400c0421f010f358c9037e,6915,ANIVERSE LARVA,0x41cff281b578f4cf45515d6e4efd535e47e76efd,580
0x7f217279470a85ed4584ace5ff6076de407f70078575d18e4805f09b1970c193,"(May 15, 2022 22:49:14 / UTC+9)",0x9b037d59fd33cd0e85d088cac705d2947eb4acb3,0xeaf10f8cc9c3cc38d4846bc2fbbb0f7760e520f6,1606,THE VOGONYANGS,0x41cff281b578f4cf45515d6e4efd535e47e76efd,295
0x0437171a3705132e6c7887d718e9fc533c889e9a4924729dc5e34bb76fb9c041,"(May 15, 2022 22:49:00 / UTC+9)",0x95791156bfae1408ab3929624fd2802d4d68e51c,0xd3eaa041dab1f0fa81b47b10beba37c7280bed1f,20521,GIFT,0x41cff281b578f4cf45515d6e4efd535e47e76efd,22
0x7f39c017e9906a7db6913040382b45e3293102bcb9f67bef5260bfa713f33bda,"(May 15, 2022 22:48:58 / UTC+9)",0xa5116610b96a189e3c310ecb717523cdf3c497b4,0x2a58ecd7f941313b3723da9392815ee6acfdb5aa,1139,Robot Taekwon V,0x41cff281b578f4cf45515d6e4efd535e47e76efd,95
0xfbbdd40a665aa58c1e0b8dc1378c40af49150cb3417980e3af3173dfcf90d747,"(May 15, 2022 22:48:43 / UTC+9)",0x8afcf247d0db537de9583c3deac0fcf166eaf6c1,0x5790665b9de94112ac75d6e93b99f27306a2476d,3804,ANIVERSE LARVA,0x41cff281b578f4cf45515d6e4efd535e47e76efd,580
0xd529c6c0b2e6056300c2a21cf53e47f2f7b6dd2dacf0de570d615301ee8a4659,"(May 15, 2022 22:48:29 / UTC+9)",0x95791156bfae1408ab3929624fd2802d4d68e51c,0xd3eaa041dab1f0fa81b47b10beba37c7280bed1f,39763,GIFT,0x41cff281b578f4cf45515d6e4efd535e47e76efd,22
0x79bee13db9107f6edef5db9edbdcdddc6ab21d3cb59484e6fd7651937a43a71e,"(May 15, 2022 22:48:20 / UTC+9)",0x091b6ae0fe69730c4834ab830fe84a914546b640,0x0d9818c8763f3bf4ff4302f0d77a8f03d88a747a,3513,Meta Toy Gamers,0x41cff281b578f4cf45515d6e4efd535e47e76efd,360
0xf496f1d5d10dc153dcf011a6359c212cf8482d42968ebaf6f904a4c760261172,"(May 15, 2022 22:48:19 / UTC+9)",0xa5116610b96a189e3c310ecb717523cdf3c497b4,0x2a58ecd7f941313b3723da9392815ee6acfdb5aa,1132,Robot Taekwon V,0x41cff281b578f4cf45515d6e4efd535e47e76efd,95
0x1fe19cbb1b926f01c5dcde8718774940b4d6572d59ca5c85c9e95abdd826831b,"(May 15, 2022 22:47:57 / UTC+9)",0x95791156bfae1408ab3929624fd2802d4d68e51c,0xd3eaa041dab1f0fa81b47b10beba37c7280bed1f,1036,GIFT,0x41cff281b578f4cf45515d6e4efd535e47e76efd,21
0xaa0bf698aded844921bafe891a231376aa44bf9758de0f8745cbee0ad43940e3,"(May 15, 2022 22:47:31 / UTC+9)",0xa5116610b96a189e3c310ecb717523cdf3c497b4,0x2a58ecd7f941313b3723da9392815ee6acfdb5aa,1135,Robot Taekwon V,0x41cff281b578f4cf45515d6e4efd535e47e76efd,95
0xe0f14ed5d604e373858bf19a5bd25a4130b2f6d0ea700d3c58e3ec2b9091f9d5,"(May 15, 2022 22:47:30 / UTC+9)",0x9b037d59fd33cd0e85d088cac705d2947eb4acb3,0x28b20c9e46c79d8ce93103978e22d349186b1b94,647,THE VOGONYANGS,0x41cff281b578f4cf45515d6e4efd535e47e76efd,295
0xb0e75c05d3d12a082998d241ede44f5c1b3cf46622df03a3c7fc899712eeb9fe,"(May 15, 2022 22:47:16 / UTC+9)",0xe9d956875dafde0140018ac1148998947e1819bb,0xec9e497e6bf942ec338574e04f7596a176e44bc8,513,Klay 3 Kingoms Land,0x41cff281b578f4cf45515d6e4efd535e47e76efd,700
0xfad25be983388f31d1861440e173bacc6daa8390e3e30528223aa18d3b50b744,"(May 15, 2022 22:46:57 / UTC+9)",0xa5116610b96a189e3c310ecb717523cdf3c497b4,0x2a58ecd7f941313b3723da9392815ee6acfdb5aa,1131,Robot Taekwon V,0x41cff281b578f4cf45515d6e4efd535e47e76efd,95
0x44a2757faebd23d3d4f7f93ca16dd8e929f7fc9bb1e64814948b1a054e7bf77a,"(May 15, 2022 22:46:09 / UTC+9)",0xa5116610b96a189e3c310ecb717523cdf3c497b4,0x2a58ecd7f941313b3723da9392815ee6acfdb5aa,1137,Robot Taekwon V,0x41cff281b578f4cf45515d6e4efd535e47e76efd,95
0xf44aa0e68a51fe21c66995332025a1ca18f3cef124428982c26af311fe68f5b3,"(May 15, 2022 22:45:44 / UTC+9)",0xa5116610b96a189e3c310ecb717523cdf3c497b4,0x2a58ecd7f941313b3723da9392815ee6acfdb5aa,1133,Robot Taekwon V,0x41cff281b578f4cf45515d6e4efd535e47e76efd,95
0x126177094906465dbb2fe4ba2e538452d7862f84c34f3a5edf8cebab41e466b8,"(May 15, 2022 22:45:08 / UTC+9)",0x706d22ab2208cc26610f3a4660dffb8b38dc6741,0xfae49d91435985693ab9cd4b4a29ba62b210ca06,1128,SE7EN_MOOD_PET,0x41cff281b578f4cf45515d6e4efd535e47e76efd,9
0xab56ea5525919775c1853bd3a3af04062f31e0b79b02dab6bff7814820e3cc06,"(May 15, 2022 22:44:59 / UTC+9)",0xa5116610b96a189e3c310ecb717523cdf3c497b4,0x2a58ecd7f941313b3723da9392815ee6acfdb5aa,1141,Robot Taekwon V,0x41cff281b578f4cf45515d6e4efd535e47e76efd,95
0x4bd57825a4dd06db273a9c49710b6276ae1d6a4f447bb51fc5035df59f994b65,"(May 15, 2022 22:44:40 / UTC+9)",0xe3d6c6b81fcf4b8b49e921252839c7988c9fb294,0x53f7a96ec7c9e6f1f2af640a6b305cbb456d2e09,4696,Klay 3 Kingdoms Drop,0x41cff281b578f4cf45515d6e4efd535e47e76efd,47
0xafaf7722714304347911c17aeff8256fc5fb6d9765a8c557d0d935c9ea5b552b,"(May 15, 2022 22:44:38 / UTC+9)",0x706d22ab2208cc26610f3a4660dffb8b38dc6741,0xfae49d91435985693ab9cd4b4a29ba62b210ca06,907,SE7EN_MOOD_PET,0x41cff281b578f4cf45515d6e4efd535e47e76efd,9
